contractSymbol,lastTradeDate,strike,lastPrice,bid,ask,change,percentChange,volume,openInterest,impliedVolatility,inTheMoney,contractSize,currency,type,expirationDate
PFE250613C00012000,2025-06-11 18:09:20+00:00,12.0,12.52,12.2,12.5,0.07000065,0.5622542,2.0,2,3.843750390625,True,REGULAR,USD,call,2025-06-13
PFE250613C00013000,2025-06-03 13:32:43+00:00,13.0,10.15,10.6,12.25,0.0,0.0,,1,6.656251679687501,True,REGULAR,USD,call,2025-06-13
PFE250613C00015000,2025-06-09 15:20:34+00:00,15.0,8.74,9.35,9.45,0.0,0.0,1.0,2,1.0000000000000003e-05,True,REGULAR,USD,call,2025-06-13
PFE250613C00016000,2025-06-09 15:20:34+00:00,16.0,8.65,8.35,8.45,0.70999956,8.9420595,1.0,20,1.0000000000000003e-05,True,REGULAR,USD,call,2025-06-13
PFE250613C00017000,2025-06-09 14:08:56+00:00,17.0,6.85,7.35,7.55,0.0,0.0,1.0,1,2.44531638671875,True,REGULAR,USD,call,2025-06-13
PFE250613C00018000,2025-06-09 13:34:30+00:00,18.0,5.7,6.35,6.4,0.0,0.0,2.0,5,1.0000000000000003e-05,True,REGULAR,USD,call,2025-06-13
PFE250613C00018500,2025-06-09 13:31:44+00:00,18.5,5.15,5.85,5.95,0.0,0.0,1.0,1,1.0000000000000003e-05,True,REGULAR,USD,call,2025-06-13
PFE250613C00019000,2025-06-11 18:17:58+00:00,19.0,5.37,5.35,5.55,0.059999943,1.1299424,10.0,28,1.8125009374999999,True,REGULAR,USD,call,2025-06-13
PFE250613C00020000,2025-06-11 18:19:04+00:00,20.0,4.38,4.35,4.45,0.07999992,1.8604633,6.0,10,1.0000000000000003e-05,True,REGULAR,USD,call,2025-06-13
PFE250613C00021000,2025-06-11 18:18:20+00:00,21.0,3.4,3.35,3.45,0.94000006,38.211384,6.0,75,1.0000000000000003e-05,True,REGULAR,USD,call,2025-06-13
PFE250613C00021500,2025-06-10 16:48:42+00:00,21.5,2.96,2.81,2.92,0.0,0.0,1.0,9,1.0000000000000003e-05,True,REGULAR,USD,call,2025-06-13
PFE250613C00022000,2025-06-11 13:32:28+00:00,22.0,2.49,2.37,2.44,0.109999895,4.6218443,4.0,1234,1.0000000000000003e-05,True,REGULAR,USD,call,2025-06-13
PFE250613C00022500,2025-06-11 18:28:59+00:00,22.5,1.9,1.89,1.93,0.0,0.0,6.0,115,1.0000000000000003e-05,True,REGULAR,USD,call,2025-06-13
PFE250613C00023000,2025-06-11 18:05:42+00:00,23.0,1.45,1.39,1.43,0.05000007,3.5714338,90.0,1483,1.0000000000000003e-05,True,REGULAR,USD,call,2025-06-13
PFE250613C00023500,2025-06-11 18:39:46+00:00,23.5,0.96,0.92,0.96,0.06999999,7.8651676,762.0,5874,0.22657023437499998,True,REGULAR,USD,call,2025-06-13
PFE250613C00024000,2025-06-11 19:26:09+00:00,24.0,0.52,0.51,0.53,0.029999971,6.249994,964.0,20315,0.2695385546875,True,REGULAR,USD,call,2025-06-13
PFE250613C00024500,2025-06-11 19:26:29+00:00,24.5,0.19,0.19,0.2,-0.019999996,-9.523808,2188.0,13868,0.2500075,False,REGULAR,USD,call,2025-06-13
PFE250613C00025000,2025-06-11 19:14:33+00:00,25.0,0.04,0.04,0.05,-0.02,-33.333336,1709.0,10772,0.2500075,False,REGULAR,USD,call,2025-06-13
PFE250613C00025500,2025-06-11 19:25:07+00:00,25.5,0.01,0.01,0.02,0.0,0.0,1949.0,1950,0.304694453125,False,REGULAR,USD,call,2025-06-13
PFE250613C00026000,2025-06-11 17:40:21+00:00,26.0,0.01,0.0,0.01,0.0,0.0,192.0,2075,0.35938140625,False,REGULAR,USD,call,2025-06-13
PFE250613C00026500,2025-06-09 13:54:21+00:00,26.5,0.01,0.0,0.01,0.0,0.0,1.0,66,0.45313046875,False,REGULAR,USD,call,2025-06-13
PFE250613C00027000,2025-06-10 19:42:35+00:00,27.0,0.01,0.0,0.01,0.0,0.0,2.0,258,0.500005,False,REGULAR,USD,call,2025-06-13
PFE250613C00028000,2025-05-21 13:30:06+00:00,28.0,0.02,0.0,0.01,0.0,0.0,2.0,9,0.6250037500000001,False,REGULAR,USD,call,2025-06-13
PFE250613C00029000,2025-05-30 14:00:16+00:00,29.0,0.01,0.0,0.01,0.0,0.0,2.0,1,0.7812521875,False,REGULAR,USD,call,2025-06-13
PFE250613C00030000,2025-05-28 13:30:08+00:00,30.0,0.01,0.0,0.01,0.0,0.0,5.0,15,0.9062509375,False,REGULAR,USD,call,2025-06-13
PFE250613C00034000,2025-06-09 14:23:03+00:00,34.0,0.01,0.0,0.01,0.0,0.0,22.0,72,1.3750031249999999,False,REGULAR,USD,call,2025-06-13
PFE250613P00013000,2025-05-30 19:50:00+00:00,13.0,0.01,0.0,0.02,0.0,0.0,1.0,0,2.81250296875,False,REGULAR,USD,put,2025-06-13
PFE250613P00014000,2025-05-12 14:09:51+00:00,14.0,0.03,0.0,0.01,0.0,0.0,,63,2.3750040624999995,False,REGULAR,USD,put,2025-06-13
PFE250613P00015000,2025-06-03 15:10:16+00:00,15.0,0.01,0.0,0.01,0.0,0.0,3.0,0,2.0625048437499998,False,REGULAR,USD,put,2025-06-13
PFE250613P00016000,2025-05-19 17:48:51+00:00,16.0,0.03,0.0,0.01,0.0,0.0,,5,1.8125009374999999,False,REGULAR,USD,put,2025-06-13
PFE250613P00017000,2025-06-06 19:56:20+00:00,17.0,0.02,0.0,0.01,0.0,0.0,18.0,15,1.5625021874999998,False,REGULAR,USD,put,2025-06-13
PFE250613P00018000,2025-06-06 14:34:44+00:00,18.0,0.03,0.0,0.01,0.0,0.0,1.0,211,1.3750031249999999,False,REGULAR,USD,put,2025-06-13
PFE250613P00018500,2025-06-10 16:19:53+00:00,18.5,0.01,0.0,0.01,0.0,0.0,2.0,2,1.2500037499999999,False,REGULAR,USD,put,2025-06-13
PFE250613P00019000,2025-06-10 15:39:43+00:00,19.0,0.01,0.0,0.01,0.0,0.0,9.0,306,1.125004375,False,REGULAR,USD,put,2025-06-13
PFE250613P00019500,2025-06-06 13:35:39+00:00,19.5,0.02,0.0,0.01,0.0,0.0,5.0,51,1.0312548437500002,False,REGULAR,USD,put,2025-06-13
PFE250613P00020000,2025-06-10 16:05:15+00:00,20.0,0.01,0.0,0.01,0.0,0.0,1.0,503,0.937500625,False,REGULAR,USD,put,2025-06-13
PFE250613P00020500,2025-06-10 18:21:49+00:00,20.5,0.01,0.0,0.01,0.0,0.0,2.0,250,0.8125018749999999,False,REGULAR,USD,put,2025-06-13
PFE250613P00021000,2025-06-10 18:51:28+00:00,21.0,0.01,0.0,0.01,0.0,0.0,13.0,856,0.7187528125,False,REGULAR,USD,put,2025-06-13
PFE250613P00021500,2025-06-11 14:42:18+00:00,21.5,0.01,0.0,0.01,0.0,0.0,20.0,682,0.6250037500000001,False,REGULAR,USD,put,2025-06-13
PFE250613P00022000,2025-06-11 18:02:23+00:00,22.0,0.01,0.0,0.01,0.0,0.0,75.0,1501,0.5312546875,False,REGULAR,USD,put,2025-06-13
PFE250613P00022500,2025-06-11 18:00:32+00:00,22.5,0.01,0.01,0.02,0.0,0.0,166.0,1681,0.507817421875,False,REGULAR,USD,put,2025-06-13
PFE250613P00023000,2025-06-11 19:23:18+00:00,23.0,0.02,0.02,0.03,-0.01,-33.333336,385.0,5986,0.45703667968750006,False,REGULAR,USD,put,2025-06-13
PFE250613P00023500,2025-06-11 19:17:45+00:00,23.5,0.05,0.03,0.05,-0.009999998,-16.666662,299.0,3857,0.3789124609375,False,REGULAR,USD,put,2025-06-13
PFE250613P00024000,2025-06-11 19:17:47+00:00,24.0,0.1,0.11,0.12,-0.07,-41.17647,1283.0,2780,0.33399103515625,False,REGULAR,USD,put,2025-06-13
PFE250613P00024500,2025-06-11 19:10:40+00:00,24.5,0.3,0.28,0.31,-0.089999974,-23.076916,587.0,930,0.3242255078124999,True,REGULAR,USD,put,2025-06-13
PFE250613P00025000,2025-06-11 19:20:23+00:00,25.0,0.65,0.65,0.68,-0.09000003,-12.162168,260.0,404,0.38086556640624997,True,REGULAR,USD,put,2025-06-13
PFE250613P00025500,2025-06-11 18:12:09+00:00,25.5,1.07,1.1,1.21,-1.07,-50.0,12.0,5,0.5019581054687501,True,REGULAR,USD,put,2025-06-13
PFE250613P00026000,2025-06-11 18:17:58+00:00,26.0,1.62,1.57,1.65,-0.08000004,-4.7058845,6.0,23,0.5468795312500001,True,REGULAR,USD,put,2025-06-13
PFE250613P00026500,2025-06-10 19:10:10+00:00,26.5,2.08,1.97,2.14,-0.06000018,-2.8037467,5.0,7,0.7382838671874999,True,REGULAR,USD,put,2025-06-13
PFE250613P00027000,2025-06-11 18:19:04+00:00,27.0,2.6,2.59,2.65,-0.10000014,-3.703709,6.0,35,0.804689453125,True,REGULAR,USD,put,2025-06-13
PFE250613P00028000,2025-06-11 18:18:20+00:00,28.0,3.59,3.45,3.65,-1.4600003,-28.910896,6.0,0,0.6250037500000001,True,REGULAR,USD,put,2025-06-13
PFE250613P00029000,2025-05-30 15:34:18+00:00,29.0,5.5,4.5,4.65,0.0,0.0,2.0,4,1.015629921875,True,REGULAR,USD,put,2025-06-13
PFE250613P00030000,2025-06-09 13:31:44+00:00,30.0,6.35,5.6,5.65,0.0,0.0,2.0,2,1.40625296875,True,REGULAR,USD,put,2025-06-13
PFE250613P00032000,2025-06-09 13:31:44+00:00,32.0,8.35,7.55,7.75,0.0,0.0,8.0,8,1.8359383203124997,True,REGULAR,USD,put,2025-06-13
PFE250620C00012000,2025-06-11 13:30:04+00:00,12.0,12.2,12.0,13.25,1.0,8.928572,1.0,22,2.6718783203125005,True,REGULAR,USD,call,2025-06-20
PFE250620C00013000,2025-06-09 13:31:44+00:00,13.0,10.65,11.35,12.15,0.0,0.0,59.0,59,2.7382844042968753,True,REGULAR,USD,call,2025-06-20
PFE250620C00014000,2025-05-08 19:57:54+00:00,14.0,9.15,9.35,9.4,0.0,0.0,370.0,0,1.0000000000000003e-05,True,REGULAR,USD,call,2025-06-20
PFE250620C00015000,2025-06-06 19:47:27+00:00,15.0,8.39,9.35,10.1,0.0,0.0,28.0,79,2.1679733300781248,True,REGULAR,USD,call,2025-06-20
PFE250620C00016000,2025-05-14 14:25:52+00:00,16.0,6.45,8.35,8.8,0.0,0.0,2.0,7,1.5976582617187498,True,REGULAR,USD,call,2025-06-20
PFE250620C00017000,2025-06-04 15:24:36+00:00,17.0,6.5,7.35,8.0,0.0,0.0,5.0,11,1.62109564453125,True,REGULAR,USD,call,2025-06-20
PFE250620C00018000,2025-06-11 15:43:52+00:00,18.0,6.58,6.3,6.45,1.1100001,20.29251,10.0,118,1.0000000000000003e-05,True,REGULAR,USD,call,2025-06-20
PFE250620C00018500,2025-05-22 18:09:30+00:00,18.5,4.68,5.85,5.95,0.0,0.0,,19,1.0000000000000003e-05,True,REGULAR,USD,call,2025-06-20
PFE250620C00019000,2025-06-06 13:30:03+00:00,19.0,4.3,5.35,5.55,0.0,0.0,7.0,81,0.992187578125,True,REGULAR,USD,call,2025-06-20
PFE250620C00019500,2025-05-29 13:31:54+00:00,19.5,3.95,4.85,5.55,0.0,0.0,8.0,9,1.16016044921875,True,REGULAR,USD,call,2025-06-20
PFE250620C00020000,2025-06-11 18:18:00+00:00,20.0,4.4,4.35,4.45,-0.049999714,-1.1235892,44.0,1612,1.0000000000000003e-05,True,REGULAR,USD,call,2025-06-20
PFE250620C00020500,2025-05-22 14:38:53+00:00,20.5,2.66,3.9,4.8,0.0,0.0,,1,1.138676181640625,True,REGULAR,USD,call,2025-06-20
PFE250620C00021000,2025-06-10 19:09:30+00:00,21.0,3.4,3.4,3.5,0.0,0.0,101.0,2905,0.5625043750000001,True,REGULAR,USD,call,2025-06-20
PFE250620C00021500,2025-06-10 15:01:58+00:00,21.5,2.85,2.91,2.97,0.0,0.0,1.0,229,0.398443515625,True,REGULAR,USD,call,2025-06-20
PFE250620C00022000,2025-06-11 18:33:36+00:00,22.0,2.45,2.42,2.72,0.049999952,2.0833313,27.0,8796,0.53320779296875,True,REGULAR,USD,call,2025-06-20
PFE250620C00022500,2025-06-11 15:32:27+00:00,22.5,2.15,1.94,2.13,0.2700001,14.361708,8.0,322,0.51562984375,True,REGULAR,USD,call,2025-06-20
PFE250620C00023000,2025-06-11 19:26:40+00:00,23.0,1.49,1.45,1.5,0.060000062,4.195809,186.0,20466,0.27735097656249996,True,REGULAR,USD,call,2025-06-20
PFE250620C00023500,2025-06-11 18:28:59+00:00,23.5,1.01,1.01,1.03,-0.029999971,-2.8846128,234.0,8845,0.23633576171874998,True,REGULAR,USD,call,2025-06-20
PFE250620C00024000,2025-06-11 19:17:50+00:00,24.0,0.65,0.63,0.66,0.01999998,3.1746001,1003.0,17583,0.24414818359375,True,REGULAR,USD,call,2025-06-20
PFE250620C00024500,2025-06-11 19:27:16+00:00,24.5,0.35,0.34,0.35,-0.02000001,-5.405408,1924.0,9569,0.2304764453125,False,REGULAR,USD,call,2025-06-20
PFE250620C00025000,2025-06-11 19:26:27+00:00,25.0,0.16,0.15,0.16,-0.010000005,-5.8823557,5479.0,113856,0.22657023437499998,False,REGULAR,USD,call,2025-06-20
PFE250620C00025500,2025-06-11 18:58:47+00:00,25.5,0.07,0.06,0.08,0.0,0.0,576.0,4249,0.2461012890625,False,REGULAR,USD,call,2025-06-20
PFE250620C00026000,2025-06-11 18:57:04+00:00,26.0,0.04,0.02,0.04,0.0,0.0,312.0,28973,0.26367923828125,False,REGULAR,USD,call,2025-06-20
PFE250620C00026500,2025-06-11 17:17:34+00:00,26.5,0.02,0.01,0.03,0.01,100.0,108.0,657,0.304694453125,False,REGULAR,USD,call,2025-06-20
PFE250620C00027000,2025-06-11 18:49:35+00:00,27.0,0.01,0.01,0.02,0.0,0.0,1238.0,35183,0.3320379296875,False,REGULAR,USD,call,2025-06-20
PFE250620C00028000,2025-06-11 16:52:03+00:00,28.0,0.01,0.0,0.01,0.0,0.0,7.0,49007,0.38281867187499996,False,REGULAR,USD,call,2025-06-20
PFE250620C00029000,2025-06-11 18:34:19+00:00,29.0,0.01,0.0,0.01,0.0,0.0,53.0,14458,0.4687553125,False,REGULAR,USD,call,2025-06-20
PFE250620C00030000,2025-06-11 15:48:14+00:00,30.0,0.01,0.0,0.01,0.0,0.0,126.0,56552,0.500005,False,REGULAR,USD,call,2025-06-20
PFE250620C00031000,2025-06-05 19:49:43+00:00,31.0,0.02,0.0,0.01,0.0,0.0,1.0,5070,0.5625043750000001,False,REGULAR,USD,call,2025-06-20
PFE250620C00032000,2025-06-11 15:40:57+00:00,32.0,0.01,0.0,0.01,0.0,0.0,19.0,11041,0.6250037500000001,False,REGULAR,USD,call,2025-06-20
PFE250620C00033000,2025-06-10 17:41:01+00:00,33.0,0.01,0.0,0.01,0.0,0.0,6.0,2948,0.6875031250000001,False,REGULAR,USD,call,2025-06-20
PFE250620C00034000,2025-05-30 19:48:43+00:00,34.0,0.01,0.0,0.01,0.0,0.0,205.0,3479,0.7500025,False,REGULAR,USD,call,2025-06-20
PFE250620C00035000,2025-06-10 16:22:37+00:00,35.0,0.01,0.0,0.01,0.0,0.0,18.0,34609,0.8125018749999999,False,REGULAR,USD,call,2025-06-20
PFE250620C00036000,2025-06-10 16:17:51+00:00,36.0,0.01,0.0,0.01,0.0,0.0,5.0,112,0.87500125,False,REGULAR,USD,call,2025-06-20
PFE250620C00037000,2025-06-09 19:03:26+00:00,37.0,0.01,0.0,0.01,0.0,0.0,30.0,7730,0.937500625,False,REGULAR,USD,call,2025-06-20
PFE250620C00038000,2025-04-29 17:02:10+00:00,38.0,0.01,0.0,0.02,0.0,0.0,4.0,6,1.0625046875000002,False,REGULAR,USD,call,2025-06-20
PFE250620C00039000,2025-05-08 19:27:22+00:00,39.0,0.01,0.0,0.3,0.0,0.0,3.0,12,1.6484392578125,False,REGULAR,USD,call,2025-06-20
PFE250620C00040000,2025-05-30 13:30:15+00:00,40.0,0.01,0.0,0.01,0.0,0.0,2.0,21236,1.0625046875000002,False,REGULAR,USD,call,2025-06-20
PFE250620C00041000,2025-04-25 15:41:34+00:00,41.0,0.01,0.0,0.23,0.0,0.0,1.0,46,1.6992202539062502,False,REGULAR,USD,call,2025-06-20
PFE250620C00042000,2025-05-28 15:01:54+00:00,42.0,0.01,0.0,0.01,0.0,0.0,12.0,3694,1.1875040625,False,REGULAR,USD,call,2025-06-20
PFE250620C00043000,2025-05-08 13:33:22+00:00,43.0,0.01,0.0,0.02,0.0,0.0,1.0,130,1.3125034374999998,False,REGULAR,USD,call,2025-06-20
PFE250620C00044000,2025-04-28 13:48:51+00:00,44.0,0.01,0.0,0.02,0.0,0.0,2.0,17,1.3437532812499997,False,REGULAR,USD,call,2025-06-20
PFE250620C00045000,2025-06-04 15:24:36+00:00,45.0,0.01,0.0,0.01,0.0,0.0,5.0,6116,1.3125034374999998,False,REGULAR,USD,call,2025-06-20
PFE250620P00012000,2025-05-16 15:39:09+00:00,12.0,0.01,0.0,0.01,0.0,0.0,50.0,426,1.625001875,False,REGULAR,USD,put,2025-06-20
PFE250620P00013000,2025-05-01 19:37:50+00:00,13.0,0.01,0.0,0.02,0.0,0.0,2.0,789,1.5625021874999998,False,REGULAR,USD,put,2025-06-20
PFE250620P00014000,2025-05-23 16:40:00+00:00,14.0,0.01,0.0,0.01,0.0,0.0,200.0,5991,1.2500037499999999,False,REGULAR,USD,put,2025-06-20
PFE250620P00015000,2025-06-06 13:48:19+00:00,15.0,0.01,0.0,0.01,0.0,0.0,5.0,4883,1.125004375,False,REGULAR,USD,put,2025-06-20
PFE250620P00016000,2025-06-09 19:47:45+00:00,16.0,0.01,0.0,0.02,0.0,0.0,4.0,255,1.0625046875000002,False,REGULAR,USD,put,2025-06-20
PFE250620P00017000,2025-06-06 19:58:09+00:00,17.0,0.01,0.0,0.01,0.0,0.0,1.0,965,0.87500125,False,REGULAR,USD,put,2025-06-20
PFE250620P00018000,2025-06-11 13:33:31+00:00,18.0,0.01,0.0,0.01,0.0,0.0,6.0,8367,0.7500025,False,REGULAR,USD,put,2025-06-20
PFE250620P00018500,2025-06-10 16:19:53+00:00,18.5,0.02,0.0,0.01,0.0,0.0,2.0,6,0.6875031250000001,False,REGULAR,USD,put,2025-06-20
PFE250620P00019000,2025-06-10 17:03:25+00:00,19.0,0.02,0.0,0.01,0.0,0.0,73.0,2373,0.6250037500000001,False,REGULAR,USD,put,2025-06-20
PFE250620P00019500,2025-06-11 19:19:41+00:00,19.5,0.01,0.0,0.01,-0.01,-50.0,70.0,156,0.5625043750000001,False,REGULAR,USD,put,2025-06-20
PFE250620P00020000,2025-06-11 19:19:41+00:00,20.0,0.02,0.01,0.02,0.01,100.0,440.0,22641,0.585941640625,False,REGULAR,USD,put,2025-06-20
PFE250620P00020500,2025-06-10 18:51:24+00:00,20.5,0.02,0.01,0.12,0.0,0.0,1.0,352,0.6835969140625001,False,REGULAR,USD,put,2025-06-20
PFE250620P00021000,2025-06-11 16:58:52+00:00,21.0,0.02,0.01,0.03,0.0,0.0,1717.0,34339,0.5195360546875,False,REGULAR,USD,put,2025-06-20
PFE250620P00021500,2025-06-11 19:22:49+00:00,21.5,0.02,0.02,0.03,-0.01,-33.333336,121.0,513,0.45313046875,False,REGULAR,USD,put,2025-06-20
PFE250620P00022000,2025-06-11 19:00:47+00:00,22.0,0.03,0.02,0.04,-0.020000001,-40.000004,77.0,30832,0.4101621484375,False,REGULAR,USD,put,2025-06-20
PFE250620P00022500,2025-06-11 19:11:06+00:00,22.5,0.05,0.04,0.05,0.0,0.0,86.0,3136,0.35742830078125,False,REGULAR,USD,put,2025-06-20
PFE250620P00023000,2025-06-11 19:26:09+00:00,23.0,0.06,0.06,0.07,-0.040000003,-36.36364,787.0,75940,0.31250687499999996,False,REGULAR,USD,put,2025-06-20
PFE250620P00023500,2025-06-11 19:21:51+00:00,23.5,0.11,0.11,0.12,-0.060000002,-35.294117,2662.0,7561,0.27930408203124996,False,REGULAR,USD,put,2025-06-20
PFE250620P00024000,2025-06-11 19:20:57+00:00,24.0,0.22,0.22,0.23,-0.08000001,-26.666668,1405.0,14301,0.2617261328125,False,REGULAR,USD,put,2025-06-20
PFE250620P00024500,2025-06-11 19:25:15+00:00,24.5,0.42,0.42,0.44,-0.09,-17.647058,532.0,182,0.257819921875,True,REGULAR,USD,put,2025-06-20
PFE250620P00025000,2025-06-11 19:16:46+00:00,25.0,0.73,0.73,0.76,-0.120000005,-14.117646,683.0,50730,0.26563234375,True,REGULAR,USD,put,2025-06-20
PFE250620P00025500,2025-06-11 14:43:28+00:00,25.5,1.0,1.15,1.19,-0.25,-20.0,101.0,68,0.30664755859375,True,REGULAR,USD,put,2025-06-20
PFE250620P00026000,2025-06-11 18:38:26+00:00,26.0,1.63,1.6,1.91,-0.00999999,-0.6097555,51.0,13298,0.5664105859375,True,REGULAR,USD,put,2025-06-20
PFE250620P00026500,2025-06-04 15:22:11+00:00,26.5,3.0,2.01,2.28,0.0,0.0,1.0,0,0.5449264257812501,True,REGULAR,USD,put,2025-06-20
PFE250620P00027000,2025-06-09 13:35:03+00:00,27.0,3.3,2.55,2.64,0.0,0.0,11.0,1840,0.4687553125,True,REGULAR,USD,put,2025-06-20
PFE250620P00028000,2025-06-10 16:06:45+00:00,28.0,3.6,3.6,3.65,-0.11000013,-2.9649632,2.0,2017,0.5625043750000001,True,REGULAR,USD,put,2025-06-20
PFE250620P00029000,2025-06-10 13:31:11+00:00,29.0,4.95,4.4,4.65,0.0,0.0,2.0,53,0.7148466015625,True,REGULAR,USD,put,2025-06-20
PFE250620P00030000,2025-06-10 17:55:14+00:00,30.0,5.61,5.4,5.65,0.0,0.0,1.0,39,0.8164080859374999,True,REGULAR,USD,put,2025-06-20
PFE250620P00031000,2025-05-05 14:42:49+00:00,31.0,7.35,7.45,7.55,0.0,0.0,1.0,0,1.7753917480468748,True,REGULAR,USD,put,2025-06-20
PFE250620P00032000,2025-05-09 13:40:49+00:00,32.0,9.45,8.6,8.7,0.0,0.0,11.0,5,2.0185596411132813,True,REGULAR,USD,put,2025-06-20
PFE250620P00033000,2025-05-12 19:24:31+00:00,33.0,10.0,8.55,9.25,0.0,0.0,49.0,2,1.4628933105468749,True,REGULAR,USD,put,2025-06-20
PFE250620P00034000,2025-05-19 16:43:19+00:00,34.0,11.1,9.6,9.65,0.0,0.0,2.0,2,1.1171919140625,True,REGULAR,USD,put,2025-06-20
PFE250620P00035000,2025-06-03 13:32:56+00:00,35.0,11.9,10.6,10.65,0.0,0.0,4.0,4,1.1953165234375,True,REGULAR,USD,put,2025-06-20
PFE250620P00036000,2025-05-12 14:06:16+00:00,36.0,12.75,11.35,11.45,0.0,0.0,2.0,0,1.0000000000000003e-05,True,REGULAR,USD,put,2025-06-20
PFE250620P00037000,2025-06-09 13:32:55+00:00,37.0,13.35,12.55,13.65,0.0,0.0,5.0,0,2.0625048437499998,True,REGULAR,USD,put,2025-06-20
PFE250620P00038000,2025-04-03 13:51:54+00:00,38.0,13.65,13.4,14.25,0.0,0.0,,5,1.8046884765624998,True,REGULAR,USD,put,2025-06-20
PFE250620P00039000,2025-05-28 13:32:37+00:00,39.0,15.5,14.55,15.7,0.0,0.0,1.0,0,2.259769975585937,True,REGULAR,USD,put,2025-06-20
PFE250620P00040000,2025-06-09 13:31:44+00:00,40.0,16.35,15.6,15.65,0.0,0.0,5.0,16,1.5390648046875,True,REGULAR,USD,put,2025-06-20
PFE250620P00041000,2025-04-10 13:37:00+00:00,41.0,19.35,18.65,18.75,0.0,0.0,,1,3.741211584472657,True,REGULAR,USD,put,2025-06-20
PFE250620P00042000,2025-05-28 13:32:37+00:00,42.0,18.5,17.55,18.5,0.0,0.0,1.0,0,2.3750040624999995,True,REGULAR,USD,put,2025-06-20
PFE250620P00043000,2025-05-28 13:32:37+00:00,43.0,19.5,18.6,19.15,0.0,0.0,1.0,1,2.2382856542968748,True,REGULAR,USD,put,2025-06-20
PFE250620P00044000,2025-05-13 13:32:57+00:00,44.0,21.25,19.6,19.65,0.0,0.0,,1,1.7734386328124998,True,REGULAR,USD,put,2025-06-20
PFE250620P00045000,2025-05-28 13:32:37+00:00,45.0,21.5,20.55,21.2,0.0,0.0,1.0,1,2.3671915820312495,True,REGULAR,USD,put,2025-06-20
PFE250627C00012000,2025-06-09 14:03:12+00:00,12.0,11.9,12.35,12.5,0.0,0.0,1.0,4,1.6171894140625,True,REGULAR,USD,call,2025-06-27
PFE250627C00015000,2025-05-27 14:13:40+00:00,15.0,8.45,9.3,9.45,0.0,0.0,1.0,1,1.0000000000000003e-05,True,REGULAR,USD,call,2025-06-27
PFE250627C00016000,2025-06-09 17:34:24+00:00,16.0,8.15,8.4,8.65,0.0,0.0,13.0,13,1.1015669921875002,True,REGULAR,USD,call,2025-06-27
PFE250627C00018000,2025-05-20 14:22:38+00:00,18.0,5.68,6.35,6.5,0.0,0.0,,8,0.773439765625,True,REGULAR,USD,call,2025-06-27
PFE250627C00019000,2025-06-09 13:36:28+00:00,19.0,4.9,5.4,5.5,0.0,0.0,4.0,3,0.6562534375000001,True,REGULAR,USD,call,2025-06-27
PFE250627C00020000,2025-06-09 19:55:19+00:00,20.0,4.1,4.4,4.45,0.0,0.0,2.0,147,1.0000000000000003e-05,True,REGULAR,USD,call,2025-06-27
PFE250627C00021000,2025-06-10 14:25:45+00:00,21.0,3.23,3.45,3.5,0.0,0.0,4.0,28,0.42969320312500003,True,REGULAR,USD,call,2025-06-27
PFE250627C00022000,2025-06-10 19:47:48+00:00,22.0,2.47,2.47,2.51,0.0,0.0,21.0,296,0.335944140625,True,REGULAR,USD,call,2025-06-27
PFE250627C00023000,2025-06-11 16:24:25+00:00,23.0,1.57,1.56,1.6,0.07000005,4.6666703,10.0,1090,0.30274134765625,True,REGULAR,USD,call,2025-06-27
PFE250627C00024000,2025-06-11 18:16:53+00:00,24.0,0.79,0.77,0.8,0.04000002,5.333336,250.0,4432,0.25977302734375,True,REGULAR,USD,call,2025-06-27
PFE250627C00025000,2025-06-11 19:11:18+00:00,25.0,0.29,0.29,0.31,-0.01000002,-3.33334,4033.0,9306,0.252937158203125,False,REGULAR,USD,call,2025-06-27
PFE250627C00026000,2025-06-11 17:51:40+00:00,26.0,0.1,0.08,0.1,0.0,0.0,1513.0,3373,0.2617261328125,False,REGULAR,USD,call,2025-06-27
PFE250627C00027000,2025-06-11 17:53:50+00:00,27.0,0.03,0.02,0.04,-0.01,-25.0,15.0,388,0.2929758203124999,False,REGULAR,USD,call,2025-06-27
PFE250627C00028000,2025-06-11 16:59:49+00:00,28.0,0.02,0.01,0.02,0.01,100.0,1.0,23,0.32813171874999997,False,REGULAR,USD,call,2025-06-27
PFE250627C00029000,2025-06-10 18:34:30+00:00,29.0,0.01,0.0,0.11,0.0,0.0,2.0,4,0.5546919531250001,False,REGULAR,USD,call,2025-06-27
PFE250627C00030000,2025-05-08 16:58:22+00:00,30.0,0.01,0.0,0.11,0.0,0.0,,2,0.5468795312500001,False,REGULAR,USD,call,2025-06-27
PFE250627C00033000,2025-05-23 13:30:10+00:00,33.0,0.01,0.0,0.08,0.0,0.0,2.0,2,0.70312796875,False,REGULAR,USD,call,2025-06-27
PFE250627C00034000,2025-06-09 16:31:59+00:00,34.0,0.01,0.0,0.01,0.0,0.0,1.0,1,0.5937540625000001,False,REGULAR,USD,call,2025-06-27
PFE250627P00012000,2025-05-20 13:53:47+00:00,12.0,0.01,0.0,0.02,0.0,0.0,1.0,0,1.3125034374999998,False,REGULAR,USD,put,2025-06-27
PFE250627P00018000,2025-06-10 15:11:51+00:00,18.0,0.02,0.0,0.02,0.0,0.0,1.0,112,0.6093789062500001,False,REGULAR,USD,put,2025-06-27
PFE250627P00019000,2025-06-11 19:11:51+00:00,19.0,0.02,0.02,0.03,0.01,100.0,6.0,28,0.5937540625000001,False,REGULAR,USD,put,2025-06-27
PFE250627P00020000,2025-06-11 18:37:59+00:00,20.0,0.02,0.02,0.03,0.0,0.0,16.0,267,0.5039112109375,False,REGULAR,USD,put,2025-06-27
PFE250627P00021000,2025-06-11 18:27:03+00:00,21.0,0.03,0.03,0.04,-0.01,-25.0,57.0,820,0.42188078125,False,REGULAR,USD,put,2025-06-27
PFE250627P00022000,2025-06-11 16:51:36+00:00,22.0,0.07,0.05,0.07,0.0,0.0,11.0,1251,0.35742830078125,False,REGULAR,USD,put,2025-06-27
PFE250627P00023000,2025-06-11 18:23:29+00:00,23.0,0.14,0.13,0.14,-0.030000001,-17.647058,27.0,1789,0.29883513671874995,False,REGULAR,USD,put,2025-06-27
PFE250627P00024000,2025-06-11 19:10:22+00:00,24.0,0.35,0.34,0.37,-0.06999999,-16.666664,53.0,4150,0.27246821289062495,False,REGULAR,USD,put,2025-06-27
PFE250627P00025000,2025-06-11 14:15:15+00:00,25.0,0.75,0.85,0.88,-0.18,-19.35484,20.0,60,0.26563234375,True,REGULAR,USD,put,2025-06-27
PFE250627P00026000,2025-06-11 18:28:04+00:00,26.0,1.69,1.65,1.82,0.0,0.0,4.0,6,0.38184211914062494,True,REGULAR,USD,put,2025-06-27
PFE250627P00027000,2025-06-10 19:40:43+00:00,27.0,2.7,2.6,2.74,0.0,0.0,21.0,23,0.446294599609375,True,REGULAR,USD,put,2025-06-27
PFE250627P00028000,2025-06-10 13:31:11+00:00,28.0,3.95,3.55,3.7,0.0,0.0,2.0,48,0.5136767382812499,True,REGULAR,USD,put,2025-06-27
PFE250627P00029000,2025-06-10 13:31:11+00:00,29.0,4.95,4.55,4.65,0.0,0.0,1.0,0,0.5468795312500001,True,REGULAR,USD,put,2025-06-27
PFE250627P00030000,2025-06-09 13:36:49+00:00,30.0,6.15,5.6,5.65,0.0,0.0,1.0,0,0.5918009570312501,True,REGULAR,USD,put,2025-06-27
PFE250627P00032000,2025-05-16 14:05:38+00:00,32.0,9.25,7.4,7.65,0.0,0.0,1.0,0,0.773439765625,True,REGULAR,USD,put,2025-06-27
PFE250703C00013000,2025-05-30 18:09:10+00:00,13.0,10.65,11.35,11.45,0.0,0.0,5.0,15,1.0000000000000003e-05,True,REGULAR,USD,call,2025-07-03
PFE250703C00020000,2025-06-02 15:09:01+00:00,20.0,3.6,4.3,4.55,0.0,0.0,3.0,7,0.5449264257812501,True,REGULAR,USD,call,2025-07-03
PFE250703C00021000,2025-06-06 18:17:19+00:00,21.0,2.54,3.45,3.55,0.0,0.0,25.0,32,0.43945873046875,True,REGULAR,USD,call,2025-07-03
PFE250703C00022000,2025-06-11 14:23:48+00:00,22.0,2.74,2.51,2.57,0.1400001,5.3846197,30.0,54,0.35156898437499995,True,REGULAR,USD,call,2025-07-03
PFE250703C00023000,2025-06-11 18:34:45+00:00,23.0,1.6,1.43,1.66,0.0,0.0,14.0,1184,0.2978585839843749,True,REGULAR,USD,call,2025-07-03
PFE250703C00024000,2025-06-11 19:18:32+00:00,24.0,0.87,0.84,0.87,0.06999999,8.749999,96.0,1712,0.25391371093750004,True,REGULAR,USD,call,2025-07-03
PFE250703C00025000,2025-06-11 18:38:49+00:00,25.0,0.35,0.34,0.37,-0.01000002,-2.7777834,273.0,4956,0.24414818359375,False,REGULAR,USD,call,2025-07-03
PFE250703C00026000,2025-06-11 17:44:08+00:00,26.0,0.14,0.11,0.13,0.020000003,16.66667,320.0,1371,0.245124736328125,False,REGULAR,USD,call,2025-07-03
PFE250703C00027000,2025-06-11 16:10:37+00:00,27.0,0.05,0.03,0.06,0.0,0.0,10.0,503,0.27539787109374997,False,REGULAR,USD,call,2025-07-03
PFE250703C00028000,2025-06-11 13:56:31+00:00,28.0,0.02,0.02,0.03,0.0,0.0,10.0,203,0.304694453125,False,REGULAR,USD,call,2025-07-03
PFE250703C00029000,2025-06-05 16:56:56+00:00,29.0,0.02,0.0,0.02,0.0,0.0,1.0,6,0.3437565625,False,REGULAR,USD,call,2025-07-03
PFE250703C00033000,2025-05-23 14:37:53+00:00,33.0,0.01,0.0,0.09,0.0,0.0,2.0,2,0.6171913281250001,False,REGULAR,USD,call,2025-07-03
PFE250703P00020000,2025-06-09 17:35:09+00:00,20.0,0.04,0.0,0.05,0.0,0.0,41.0,111,0.476567734375,False,REGULAR,USD,put,2025-07-03
PFE250703P00021000,2025-06-11 15:02:03+00:00,21.0,0.05,0.04,0.06,0.0,0.0,52.0,401,0.39453730468750003,False,REGULAR,USD,put,2025-07-03
PFE250703P00022000,2025-06-11 18:58:22+00:00,22.0,0.08,0.07,0.08,0.0,0.0,30.0,1606,0.31836619140624994,False,REGULAR,USD,put,2025-07-03
PFE250703P00023000,2025-06-11 17:10:48+00:00,23.0,0.14,0.14,0.17,-0.049999997,-26.315786,41.0,1151,0.27637442382812494,False,REGULAR,USD,put,2025-07-03
PFE250703P00024000,2025-06-11 19:26:50+00:00,24.0,0.4,0.39,0.41,-0.07999998,-17.777775,26.0,235,0.25196060546875,False,REGULAR,USD,put,2025-07-03
PFE250703P00025000,2025-06-11 19:03:04+00:00,25.0,0.9,0.88,0.91,-0.01000005,-1.0989065,10.0,24939,0.2417068017578125,True,REGULAR,USD,put,2025-07-03
PFE250703P00026000,2025-06-06 17:00:55+00:00,26.0,2.55,1.57,1.71,0.0,0.0,3.0,5,0.266608896484375,True,REGULAR,USD,put,2025-07-03
PFE250703P00027000,2025-06-09 13:30:03+00:00,27.0,3.75,2.44,2.66,0.0,0.0,1.0,0,0.32617861328125,True,REGULAR,USD,put,2025-07-03
PFE250703P00028000,2025-06-09 13:30:03+00:00,28.0,4.65,3.55,3.65,0.0,0.0,1.0,6,0.398443515625,True,REGULAR,USD,put,2025-07-03
PFE250711C00013000,2025-06-10 15:15:21+00:00,13.0,11.35,11.4,11.5,0.0,0.0,2.0,10,1.0781296093750001,True,REGULAR,USD,call,2025-07-11
PFE250711C00021000,2025-06-10 16:52:08+00:00,21.0,3.55,3.5,3.55,0.0,0.0,3.0,8,0.37695935546875,True,REGULAR,USD,call,2025-07-11
PFE250711C00022000,2025-06-10 19:56:23+00:00,22.0,2.56,2.56,2.78,0.0,0.0,5.0,82,0.43164630859375,True,REGULAR,USD,call,2025-07-11
PFE250711C00023000,2025-06-11 19:16:20+00:00,23.0,1.71,1.65,1.72,-0.01999998,-1.1560682,11.0,117,0.28613995117187496,True,REGULAR,USD,call,2025-07-11
PFE250711C00024000,2025-06-11 19:19:22+00:00,24.0,0.95,0.89,0.99,0.01999998,2.1505356,195.0,1253,0.26270268554687504,True,REGULAR,USD,call,2025-07-11
PFE250711C00025000,2025-06-11 19:13:03+00:00,25.0,0.44,0.44,0.47,-0.03999999,-8.333331,503.0,3625,0.247077841796875,False,REGULAR,USD,call,2025-07-11
PFE250711C00026000,2025-06-11 18:14:36+00:00,26.0,0.17,0.17,0.19,-0.010000005,-5.555558,83.0,1176,0.242195078125,False,REGULAR,USD,call,2025-07-11
PFE250711C00027000,2025-06-11 17:05:42+00:00,27.0,0.07,0.06,0.08,0.010000002,16.66667,117.0,118,0.25391371093750004,False,REGULAR,USD,call,2025-07-11
PFE250711C00028000,2025-06-11 16:48:36+00:00,28.0,0.03,0.02,0.05,0.01,50.0,4.0,11,0.2890696093749999,False,REGULAR,USD,call,2025-07-11
PFE250711C00029000,2025-06-05 15:06:58+00:00,29.0,0.01,0.0,0.03,0.0,0.0,,8,0.31641308593749995,False,REGULAR,USD,call,2025-07-11
PFE250711P00020000,2025-06-11 18:48:04+00:00,20.0,0.04,0.01,0.06,-0.010000002,-20.000002,2.0,34,0.42578699218750005,False,REGULAR,USD,put,2025-07-11
PFE250711P00021000,2025-06-10 16:52:55+00:00,21.0,0.06,0.05,0.08,0.0,0.0,3.0,356,0.3632876171875,False,REGULAR,USD,put,2025-07-11
PFE250711P00022000,2025-06-11 18:48:04+00:00,22.0,0.09,0.1,0.13,-0.009999998,-9.999997,47.0,224,0.31445998046874996,False,REGULAR,USD,put,2025-07-11
PFE250711P00023000,2025-06-11 18:46:22+00:00,23.0,0.22,0.2,0.23,0.0,0.0,96.0,135,0.26856200195312496,False,REGULAR,USD,put,2025-07-11
PFE250711P00024000,2025-06-11 15:21:13+00:00,24.0,0.46,0.46,0.5,-0.059999973,-11.538457,77.0,155,0.2500075,False,REGULAR,USD,put,2025-07-11
PFE250711P00025000,2025-06-11 18:24:03+00:00,25.0,0.95,0.94,0.99,-0.109999955,-10.377355,41.0,23,0.23780059082031246,True,REGULAR,USD,put,2025-07-11
PFE250711P00026000,2025-06-11 18:57:35+00:00,26.0,1.78,1.66,1.75,-0.80999994,-31.27413,6.0,4,0.2500075,True,REGULAR,USD,put,2025-07-11
PFE250711P00027000,2025-06-03 13:54:14+00:00,27.0,3.65,2.6,2.69,0.0,0.0,,0,0.3007882421875,True,REGULAR,USD,put,2025-07-11
PFE250711P00028000,2025-06-03 13:49:20+00:00,28.0,4.5,3.6,4.55,0.0,0.0,,1,0.5800823242187501,True,REGULAR,USD,put,2025-07-11
PFE250718C00012000,2025-06-11 13:30:04+00:00,12.0,12.65,12.4,12.55,1.1499996,9.999997,4.0,15,0.9687503125,True,REGULAR,USD,call,2025-07-18
PFE250718C00013000,2025-06-09 16:20:08+00:00,13.0,11.5,11.4,11.5,0.39999962,3.6036,6.0,32,0.9687503125,True,REGULAR,USD,call,2025-07-18
PFE250718C00014000,2025-06-10 15:02:12+00:00,14.0,10.4,10.45,10.75,0.0,0.0,22.0,27,1.0742233789062503,True,REGULAR,USD,call,2025-07-18
PFE250718C00015000,2025-06-10 15:07:34+00:00,15.0,9.35,9.45,9.5,0.0,0.0,10.0,110,0.6875031250000001,True,REGULAR,USD,call,2025-07-18
PFE250718C00016000,2025-06-09 16:36:51+00:00,16.0,8.2,8.45,8.55,0.0,0.0,2.0,3,0.6835969140625001,True,REGULAR,USD,call,2025-07-18
PFE250718C00017000,2025-06-09 16:46:00+00:00,17.0,7.2,7.45,7.55,0.0,0.0,1.0,19,0.5976602734375001,True,REGULAR,USD,call,2025-07-18
PFE250718C00018000,2025-06-11 15:06:35+00:00,18.0,6.77,6.45,6.55,1.1300001,20.035463,17.0,22,0.51562984375,True,REGULAR,USD,call,2025-07-18
PFE250718C00019000,2025-06-11 17:40:09+00:00,19.0,5.66,5.5,5.6,0.46000004,8.846155,5.0,11,0.507817421875,True,REGULAR,USD,call,2025-07-18
PFE250718C00020000,2025-06-11 14:51:16+00:00,20.0,4.85,4.5,4.6,0.36000013,8.017821,1.0,399,0.47070841796875,True,REGULAR,USD,call,2025-07-18
PFE250718C00021000,2025-06-11 18:02:12+00:00,21.0,3.66,3.55,3.65,0.11000013,3.0985954,9.0,717,0.41602146484374997,True,REGULAR,USD,call,2025-07-18
PFE250718C00022000,2025-06-11 18:30:32+00:00,22.0,2.57,2.54,2.65,-0.06000018,-2.2813756,124.0,2546,0.32227240234374993,True,REGULAR,USD,call,2025-07-18
PFE250718C00023000,2025-06-11 17:50:30+00:00,23.0,1.76,1.75,1.78,0.029999971,1.7341024,385.0,12542,0.28321029296874994,True,REGULAR,USD,call,2025-07-18
PFE250718C00024000,2025-06-11 19:26:28+00:00,24.0,1.03,1.03,1.05,0.0,0.0,407.0,13711,0.2573316455078125,True,REGULAR,USD,call,2025-07-18
PFE250718C00025000,2025-06-11 19:19:13+00:00,25.0,0.52,0.51,0.52,0.0,0.0,1269.0,19436,0.23926541992187497,False,REGULAR,USD,call,2025-07-18
PFE250718C00026000,2025-06-11 19:17:09+00:00,26.0,0.22,0.22,0.24,-0.010000005,-4.347828,1006.0,12557,0.24073024902343748,False,REGULAR,USD,call,2025-07-18
PFE250718C00027000,2025-06-11 15:57:29+00:00,27.0,0.1,0.09,0.1,0.0,0.0,104.0,8593,0.24414818359375,False,REGULAR,USD,call,2025-07-18
PFE250718C00028000,2025-06-11 17:55:29+00:00,28.0,0.05,0.03,0.05,0.010000002,25.000004,18.0,6991,0.2617261328125,False,REGULAR,USD,call,2025-07-18
PFE250718C00029000,2025-06-11 15:03:38+00:00,29.0,0.02,0.02,0.03,-0.01,-33.333336,20.0,3972,0.28516339843749994,False,REGULAR,USD,call,2025-07-18
PFE250718C00030000,2025-06-11 16:11:10+00:00,30.0,0.01,0.01,0.02,-0.01,-50.0,7.0,8004,0.3086006640625,False,REGULAR,USD,call,2025-07-18
PFE250718C00031000,2025-06-10 17:16:51+00:00,31.0,0.01,0.0,0.12,0.0,0.0,20.0,2473,0.48438015625,False,REGULAR,USD,call,2025-07-18
PFE250718C00032000,2025-06-09 14:28:38+00:00,32.0,0.02,0.0,0.01,0.01,100.0,19.0,881,0.35156898437499995,False,REGULAR,USD,call,2025-07-18
PFE250718C00033000,2025-05-20 14:22:32+00:00,33.0,0.03,0.0,0.11,0.0,0.0,1.0,466,0.5664105859375,False,REGULAR,USD,call,2025-07-18
PFE250718C00034000,2025-05-30 14:26:01+00:00,34.0,0.01,0.0,0.1,0.0,0.0,1.0,279,0.5273484765625001,False,REGULAR,USD,call,2025-07-18
PFE250718C00035000,2025-05-23 14:09:37+00:00,35.0,0.05,0.0,0.05,0.0,0.0,1.0,226,0.507817421875,False,REGULAR,USD,call,2025-07-18
PFE250718C00036000,2025-05-23 14:31:31+00:00,36.0,0.02,0.0,0.09,0.0,0.0,1.0,34,0.5937540625000001,False,REGULAR,USD,call,2025-07-18
PFE250718C00037000,2025-05-23 14:57:10+00:00,37.0,0.01,0.0,0.09,0.0,0.0,1.0,25,0.6250037500000001,False,REGULAR,USD,call,2025-07-18
PFE250718C00038000,2025-05-14 14:21:44+00:00,38.0,0.01,0.0,0.08,0.0,0.0,1.0,1,0.648441015625,False,REGULAR,USD,call,2025-07-18
PFE250718C00040000,2025-05-21 16:17:04+00:00,40.0,0.01,0.0,0.02,0.0,0.0,4.0,18,0.5937540625000001,False,REGULAR,USD,call,2025-07-18
PFE250718P00012000,2025-05-15 15:56:23+00:00,12.0,0.02,0.0,0.01,0.0,0.0,52.0,272,0.8125018749999999,False,REGULAR,USD,put,2025-07-18
PFE250718P00013000,2025-06-11 14:15:43+00:00,13.0,0.02,0.0,0.02,0.01,100.0,1.0,2406,0.79687703125,False,REGULAR,USD,put,2025-07-18
PFE250718P00014000,2025-05-30 19:40:25+00:00,14.0,0.12,0.0,0.03,0.0,0.0,1.0,202,0.7421900781249999,False,REGULAR,USD,put,2025-07-18
PFE250718P00015000,2025-06-11 14:17:15+00:00,15.0,0.01,0.01,0.02,0.0,0.0,1.0,2294,0.6562534375000001,False,REGULAR,USD,put,2025-07-18
PFE250718P00016000,2025-06-06 17:48:12+00:00,16.0,0.03,0.0,0.04,0.0,0.0,1.0,810,0.6015664843750002,False,REGULAR,USD,put,2025-07-18
PFE250718P00017000,2025-06-11 15:43:50+00:00,17.0,0.01,0.0,0.04,0.0,0.0,20.0,492,0.523442265625,False,REGULAR,USD,put,2025-07-18
PFE250718P00018000,2025-06-11 17:05:25+00:00,18.0,0.04,0.03,0.04,-0.010000002,-20.000002,101.0,1364,0.507817421875,False,REGULAR,USD,put,2025-07-18
PFE250718P00019000,2025-06-10 16:54:10+00:00,19.0,0.03,0.03,0.16,0.0,0.0,100.0,3235,0.507817421875,False,REGULAR,USD,put,2025-07-18
PFE250718P00020000,2025-06-11 19:09:26+00:00,20.0,0.06,0.05,0.06,-0.010000002,-14.285716,632.0,23385,0.38281867187499996,False,REGULAR,USD,put,2025-07-18
PFE250718P00021000,2025-06-11 17:27:58+00:00,21.0,0.08,0.07,0.09,0.0,0.0,54.0,6852,0.336920693359375,False,REGULAR,USD,put,2025-07-18
PFE250718P00022000,2025-06-11 19:28:07+00:00,22.0,0.13,0.12,0.14,-0.030000001,-18.75,151.0,21540,0.29004616210937495,False,REGULAR,USD,put,2025-07-18
PFE250718P00023000,2025-06-11 18:22:21+00:00,23.0,0.25,0.24,0.27,-0.050000012,-16.66667,8612.0,14845,0.2602613037109375,False,REGULAR,USD,put,2025-07-18
PFE250718P00024000,2025-06-11 19:21:51+00:00,24.0,0.52,0.53,0.55,-0.09000003,-14.754105,3129.0,13977,0.242195078125,False,REGULAR,USD,put,2025-07-18
PFE250718P00025000,2025-06-11 19:10:32+00:00,25.0,1.01,1.01,1.04,-0.100000024,-9.00901,2750.0,10871,0.231452998046875,True,REGULAR,USD,put,2025-07-18
PFE250718P00026000,2025-06-11 16:16:06+00:00,26.0,1.66,1.67,1.84,-0.18000007,-9.782613,40.0,4626,0.26367923828125,True,REGULAR,USD,put,2025-07-18
PFE250718P00027000,2025-06-10 15:41:20+00:00,27.0,2.5,2.61,2.67,-0.24000001,-8.759124,12.0,528,0.25977302734375,True,REGULAR,USD,put,2025-07-18
PFE250718P00028000,2025-06-11 16:16:15+00:00,28.0,3.48,3.55,3.7,-1.27,-26.736841,10.0,15,0.3437565625,True,REGULAR,USD,put,2025-07-18
PFE250718P00029000,2025-05-09 17:53:26+00:00,29.0,6.56,4.75,5.7,0.0,0.0,4.0,0,0.6601596484375001,True,REGULAR,USD,put,2025-07-18
PFE250718P00030000,2025-05-15 19:54:24+00:00,30.0,5.6,5.55,5.65,-1.8499999,-24.832212,1.0,1,0.41992767578125,True,REGULAR,USD,put,2025-07-18
PFE250718P00031000,2025-05-14 14:45:06+00:00,31.0,8.75,6.6,6.65,0.0,0.0,100.0,0,0.47070841796875,True,REGULAR,USD,put,2025-07-18
PFE250718P00032000,2025-04-16 13:47:03+00:00,32.0,9.9,8.95,9.2,0.0,0.0,5.0,0,1.1943399658203124,True,REGULAR,USD,put,2025-07-18
PFE250718P00033000,2025-04-28 13:31:25+00:00,33.0,10.2,9.5,9.6,0.0,0.0,2.0,0,1.0581101782226563,True,REGULAR,USD,put,2025-07-18
PFE250718P00034000,2025-05-23 14:26:48+00:00,34.0,10.9,9.6,9.65,0.0,0.0,1.0,0,0.5742230078125,True,REGULAR,USD,put,2025-07-18
PFE250718P00035000,2025-03-27 17:43:42+00:00,35.0,10.25,12.35,12.45,0.0,0.0,1.0,3,1.5000025,True,REGULAR,USD,put,2025-07-18
PFE250718P00036000,2025-05-13 13:51:42+00:00,36.0,13.3,11.6,11.65,0.0,0.0,2.0,2,0.6523472265625001,True,REGULAR,USD,put,2025-07-18
PFE250718P00037000,2025-04-23 13:37:52+00:00,37.0,14.35,12.9,13.75,0.0,0.0,5.0,0,1.1728556982421874,True,REGULAR,USD,put,2025-07-18
PFE250718P00038000,2025-04-03 14:09:09+00:00,38.0,13.85,13.9,14.25,0.0,0.0,,1,1.087895185546875,True,REGULAR,USD,put,2025-07-18
PFE250718P00040000,2025-06-09 13:32:55+00:00,40.0,16.35,15.5,15.65,0.0,0.0,2.0,0,0.6796907031250001,True,REGULAR,USD,put,2025-07-18
PFE250725C00018000,2025-06-09 15:31:00+00:00,18.0,6.1,6.5,6.6,0.0,0.0,2.0,2,0.5468795312500001,True,REGULAR,USD,call,2025-07-25
PFE250725C00022000,2025-06-10 19:46:43+00:00,22.0,2.68,2.5,2.69,0.0,0.0,10.0,10,0.31641308593749995,True,REGULAR,USD,call,2025-07-25
PFE250725C00023000,2025-06-11 18:30:32+00:00,23.0,1.73,1.26,1.83,-0.01999998,-1.142856,16.0,24,0.2788158056640625,True,REGULAR,USD,call,2025-07-25
PFE250725C00024000,2025-06-11 16:20:17+00:00,24.0,1.21,0.99,1.12,0.09000003,8.035718,10.0,511,0.2573316455078125,True,REGULAR,USD,call,2025-07-25
PFE250725C00025000,2025-06-11 19:07:49+00:00,25.0,0.56,0.38,0.61,-0.04000002,-6.6666694,193.0,790,0.247077841796875,False,REGULAR,USD,call,2025-07-25
PFE250725C00026000,2025-06-11 19:17:14+00:00,26.0,0.27,0.26,0.3,-0.030000001,-10.0,245.0,453,0.2436599072265625,False,REGULAR,USD,call,2025-07-25
PFE250725C00027000,2025-06-11 18:26:59+00:00,27.0,0.12,0.0,0.15,-0.020000003,-14.285716,50.0,322,0.25196060546875,False,REGULAR,USD,call,2025-07-25
PFE250725C00028000,2025-06-11 17:27:18+00:00,28.0,0.06,0.05,0.07,-0.010000002,-14.285716,12.0,61,0.257819921875,False,REGULAR,USD,call,2025-07-25
PFE250725C00029000,2025-06-11 14:53:40+00:00,29.0,0.06,0.02,0.12,0.009999998,19.999994,8.0,50,0.34766277343749996,False,REGULAR,USD,call,2025-07-25
PFE250725P00020000,2025-06-10 17:57:16+00:00,20.0,0.07,0.0,0.1,0.0,0.0,2.0,13,0.39453730468750003,False,REGULAR,USD,put,2025-07-25
PFE250725P00021000,2025-06-11 13:30:02+00:00,21.0,0.1,0.08,0.12,-0.04,-28.571428,2.0,27,0.33301448242187504,False,REGULAR,USD,put,2025-07-25
PFE250725P00022000,2025-06-10 17:44:49+00:00,22.0,0.16,0.14,0.2,-0.030000001,-13.636364,1.0,18,0.29883513671874995,False,REGULAR,USD,put,2025-07-25
PFE250725P00023000,2025-06-11 18:30:32+00:00,23.0,0.32,0.29,0.32,-0.099999994,-23.809523,9.0,126,0.25879647460937505,False,REGULAR,USD,put,2025-07-25
PFE250725P00024000,2025-06-11 18:16:29+00:00,24.0,0.61,0.58,0.66,-0.110000014,-15.27778,65.0,84,0.25586681640625003,False,REGULAR,USD,put,2025-07-25
PFE250725P00028000,2025-06-10 19:02:24+00:00,28.0,3.45,3.5,3.9,-0.29999995,-7.999999,6.0,81,0.41211525390625,True,REGULAR,USD,put,2025-07-25
PFE250815C00012000,2025-06-10 18:24:08+00:00,12.0,12.35,12.4,12.5,0.0,0.0,1.0,20,0.804689453125,True,REGULAR,USD,call,2025-08-15
PFE250815C00013000,2025-06-10 18:26:28+00:00,13.0,11.35,11.4,11.55,0.0,0.0,2.0,20,0.632816171875,True,REGULAR,USD,call,2025-08-15
PFE250815C00014000,2025-06-11 16:29:26+00:00,14.0,10.6,10.45,10.55,0.25,2.415459,10.0,13,0.648441015625,True,REGULAR,USD,call,2025-08-15
PFE250815C00015000,2025-06-11 14:47:44+00:00,15.0,9.75,9.45,9.55,0.39999962,4.2780704,9.0,30,0.5742230078125,True,REGULAR,USD,call,2025-08-15
PFE250815C00016000,2025-06-09 16:20:08+00:00,16.0,8.15,8.45,8.55,0.0,0.0,1.0,26,0.507817421875,True,REGULAR,USD,call,2025-08-15
PFE250815C00017000,2025-06-11 15:02:11+00:00,17.0,7.75,7.5,7.55,0.25,3.3333333,24.0,98,0.51562984375,True,REGULAR,USD,call,2025-08-15
PFE250815C00018000,2025-06-10 16:24:40+00:00,18.0,6.45,6.5,6.6,0.0,0.0,3.0,94,0.49219257812500006,True,REGULAR,USD,call,2025-08-15
PFE250815C00019000,2025-06-11 16:26:04+00:00,19.0,5.55,5.5,5.6,0.0,0.0,20.0,949,0.42188078125,True,REGULAR,USD,call,2025-08-15
PFE250815C00020000,2025-06-11 18:05:20+00:00,20.0,4.55,4.55,4.65,0.10000038,2.222231,23.0,2104,0.38477177734374995,True,REGULAR,USD,call,2025-08-15
PFE250815C00021000,2025-06-11 18:05:28+00:00,21.0,3.65,3.6,3.7,0.08000016,2.240901,8.0,4565,0.33789724609375,True,REGULAR,USD,call,2025-08-15
PFE250815C00022000,2025-06-11 18:31:50+00:00,22.0,2.73,2.54,2.78,0.07999992,3.0188649,266.0,12090,0.29395237304687494,True,REGULAR,USD,call,2025-08-15
PFE250815C00023000,2025-06-11 19:14:57+00:00,23.0,1.96,1.95,2.0,0.04000008,2.0833375,220.0,14268,0.2788158056640625,True,REGULAR,USD,call,2025-08-15
PFE250815C00024000,2025-06-11 19:15:08+00:00,24.0,1.28,1.23,1.3,0.00999999,0.78740084,544.0,9750,0.2563550927734375,True,REGULAR,USD,call,2025-08-15
PFE250815C00025000,2025-06-11 19:23:17+00:00,25.0,0.77,0.75,0.77,-0.00999999,-1.2820501,3710.0,13691,0.24268335449218748,False,REGULAR,USD,call,2025-08-15
PFE250815C00026000,2025-06-11 18:34:17+00:00,26.0,0.42,0.41,0.44,-0.01000002,-2.325586,162.0,11733,0.241218525390625,False,REGULAR,USD,call,2025-08-15
PFE250815C00027000,2025-06-11 19:12:50+00:00,27.0,0.24,0.22,0.23,0.019999996,9.090907,156.0,9079,0.23926541992187497,False,REGULAR,USD,call,2025-08-15
PFE250815C00028000,2025-06-11 18:37:50+00:00,28.0,0.12,0.11,0.13,0.0,0.0,123.0,15137,0.24805439453125,False,REGULAR,USD,call,2025-08-15
PFE250815C00029000,2025-06-11 15:45:31+00:00,29.0,0.07,0.06,0.09,0.010000002,16.66667,14.0,2945,0.26758544921875,False,REGULAR,USD,call,2025-08-15
PFE250815C00030000,2025-06-11 15:32:17+00:00,30.0,0.05,0.04,0.05,0.010000002,25.000004,57.0,8112,0.273444765625,False,REGULAR,USD,call,2025-08-15
PFE250815C00031000,2025-06-11 16:11:17+00:00,31.0,0.04,0.02,0.04,0.01,33.333336,8.0,3367,0.29688203124999996,False,REGULAR,USD,call,2025-08-15
PFE250815C00032000,2025-06-11 13:46:47+00:00,32.0,0.06,0.0,0.08,0.049999997,499.99988,19.0,7727,0.3711000390625,False,REGULAR,USD,call,2025-08-15
PFE250815C00033000,2025-06-09 13:56:28+00:00,33.0,0.02,0.01,0.02,-0.01,-33.333336,3.0,682,0.3242255078124999,False,REGULAR,USD,call,2025-08-15
PFE250815C00034000,2025-04-21 19:47:51+00:00,34.0,0.04,0.03,0.24,0.0,0.0,2.0,18,0.5488326367187502,False,REGULAR,USD,call,2025-08-15
PFE250815C00035000,2025-05-23 14:10:42+00:00,35.0,0.02,0.0,0.03,0.0,0.0,5.0,756,0.398443515625,False,REGULAR,USD,call,2025-08-15
PFE250815C00036000,2025-05-12 16:52:40+00:00,36.0,0.02,0.0,0.12,0.0,0.0,6.0,81,0.532231240234375,False,REGULAR,USD,call,2025-08-15
PFE250815C00037000,2025-04-22 16:25:38+00:00,37.0,0.03,0.0,0.0,0.0,0.0,4.0,0,0.2500075,False,REGULAR,USD,call,2025-08-15
PFE250815C00038000,2025-03-27 15:10:04+00:00,38.0,0.03,0.0,0.42,0.0,0.0,1.0,2,0.65820654296875,False,REGULAR,USD,call,2025-08-15
PFE250815C00039000,2025-05-29 13:30:04+00:00,39.0,0.15,0.0,0.1,0.0,0.0,1.0,1,0.5312546875,False,REGULAR,USD,call,2025-08-15
PFE250815C00040000,2025-05-29 18:35:39+00:00,40.0,0.02,0.01,0.03,0.0,0.0,68.0,37,0.51562984375,False,REGULAR,USD,call,2025-08-15
PFE250815P00012000,2025-06-11 14:12:40+00:00,12.0,0.01,0.0,0.05,0.0,0.0,100.0,337,0.7500025,False,REGULAR,USD,put,2025-08-15
PFE250815P00013000,2025-06-09 18:45:25+00:00,13.0,0.05,0.0,0.1,0.0,0.0,3.0,53,0.7500025,False,REGULAR,USD,put,2025-08-15
PFE250815P00014000,2025-06-10 16:11:22+00:00,14.0,0.02,0.0,0.1,0.0,0.0,2260.0,2695,0.6718782812500002,False,REGULAR,USD,put,2025-08-15
PFE250815P00015000,2025-06-10 17:24:40+00:00,15.0,0.04,0.01,0.05,0.0,0.0,2.0,3585,0.5507857421875001,False,REGULAR,USD,put,2025-08-15
PFE250815P00016000,2025-06-09 14:23:56+00:00,16.0,0.08,0.01,0.16,0.0,0.0,42.0,3062,0.5820354296875,False,REGULAR,USD,put,2025-08-15
PFE250815P00017000,2025-06-11 15:37:10+00:00,17.0,0.07,0.0,0.08,0.0,0.0,1.0,1359,0.5039112109375,False,REGULAR,USD,put,2025-08-15
PFE250815P00018000,2025-06-10 15:56:24+00:00,18.0,0.09,0.06,0.2,0.0,0.0,1.0,1162,0.5390671093750001,False,REGULAR,USD,put,2025-08-15
PFE250815P00019000,2025-06-11 17:49:35+00:00,19.0,0.1,0.09,0.12,-0.029999994,-23.076918,1.0,37995,0.407232490234375,False,REGULAR,USD,put,2025-08-15
PFE250815P00020000,2025-06-11 16:21:00+00:00,20.0,0.14,0.14,0.16,-0.030000001,-17.647058,403.0,9188,0.367193828125,False,REGULAR,USD,put,2025-08-15
PFE250815P00021000,2025-06-11 19:19:26+00:00,21.0,0.24,0.23,0.24,-0.019999996,-8.333331,35.0,11740,0.33789724609375,False,REGULAR,USD,put,2025-08-15
PFE250815P00022000,2025-06-11 18:22:33+00:00,22.0,0.37,0.37,0.4,-0.07999998,-17.777775,179.0,7245,0.32227240234374993,False,REGULAR,USD,put,2025-08-15
PFE250815P00023000,2025-06-11 19:28:07+00:00,23.0,0.63,0.63,0.65,-0.06999999,-9.999999,260.0,8200,0.3100654931640625,False,REGULAR,USD,put,2025-08-15
PFE250815P00024000,2025-06-11 19:14:04+00:00,24.0,0.98,0.99,1.0,-0.110000014,-10.091744,757.0,12023,0.295905478515625,False,REGULAR,USD,put,2025-08-15
PFE250815P00025000,2025-06-11 17:41:12+00:00,25.0,1.51,1.52,1.56,-0.100000024,-6.211181,112.0,11976,0.30322962402343745,True,REGULAR,USD,put,2025-08-15
PFE250815P00026000,2025-06-11 18:26:42+00:00,26.0,2.21,2.15,2.24,-0.03999996,-1.7777761,69.0,2248,0.31153032226562494,True,REGULAR,USD,put,2025-08-15
PFE250815P00027000,2025-06-11 16:53:49+00:00,27.0,3.05,3.0,3.15,-0.049999952,-1.6129017,26.0,1376,0.3588931298828125,True,REGULAR,USD,put,2025-08-15
PFE250815P00028000,2025-06-11 18:15:24+00:00,28.0,3.95,3.9,4.0,-0.049999952,-1.2499988,29.0,531,0.37500625,True,REGULAR,USD,put,2025-08-15
PFE250815P00029000,2025-06-11 15:24:30+00:00,29.0,4.85,4.85,4.95,-0.3499999,-6.730768,22.0,179,0.41260353027343744,True,REGULAR,USD,put,2025-08-15
PFE250815P00030000,2025-06-11 18:15:00+00:00,30.0,5.85,5.8,5.9,-1.1500001,-16.428572,19.0,41,0.44336494140625,True,REGULAR,USD,put,2025-08-15
PFE250815P00031000,2025-06-11 16:04:38+00:00,31.0,6.8,6.8,6.9,-0.8499999,-11.11111,25.0,16,0.48828636718750007,True,REGULAR,USD,put,2025-08-15
PFE250815P00032000,2025-05-30 16:16:12+00:00,32.0,8.65,7.75,8.05,0.0,0.0,2.0,14,0.5312546875,True,REGULAR,USD,put,2025-08-15
PFE250815P00033000,2025-06-02 18:56:53+00:00,33.0,9.77,8.75,8.85,0.0,0.0,2.0,10,0.523442265625,True,REGULAR,USD,put,2025-08-15
PFE250815P00034000,2025-06-03 15:54:25+00:00,34.0,9.55,9.75,10.1,-1.1499996,-10.747661,2.0,24,0.6210975390625001,True,REGULAR,USD,put,2025-08-15
PFE250815P00035000,2025-06-04 13:56:01+00:00,35.0,11.7,10.75,10.85,0.0,0.0,2.0,9,0.594730615234375,True,REGULAR,USD,put,2025-08-15
PFE250815P00036000,2025-06-11 16:04:38+00:00,36.0,11.75,11.75,11.85,-1.0,-7.8431373,3.0,32,0.6289099609375001,True,REGULAR,USD,put,2025-08-15
PFE250815P00037000,2025-06-03 19:06:10+00:00,37.0,12.7,12.7,12.85,-1.0,-7.29927,1.0,5,0.6455113574218749,True,REGULAR,USD,put,2025-08-15
PFE250815P00038000,2025-06-09 13:46:59+00:00,38.0,14.4,13.75,13.85,0.0,0.0,2.0,6,0.6914093359375001,True,REGULAR,USD,put,2025-08-15
PFE250815P00039000,2025-06-09 17:45:57+00:00,39.0,15.1,14.5,14.8,0.0,0.0,2.0,11,0.6074258007812501,True,REGULAR,USD,put,2025-08-15
PFE250815P00040000,2025-06-06 19:49:34+00:00,40.0,16.8,15.7,16.5,0.0,0.0,1.0,14,0.9023447265625,True,REGULAR,USD,put,2025-08-15
PFE250919C00012000,2025-06-10 18:24:32+00:00,12.0,12.35,12.4,12.5,0.0,0.0,1.0,5,0.6523472265625001,True,REGULAR,USD,call,2025-09-19
PFE250919C00013000,2025-06-11 13:31:56+00:00,13.0,11.65,11.45,11.55,0.29999924,2.643165,2.0,9,0.585941640625,True,REGULAR,USD,call,2025-09-19
PFE250919C00014000,2025-06-11 16:11:03+00:00,14.0,10.65,10.45,10.55,0.5,4.9261084,11.0,1,0.523442265625,True,REGULAR,USD,call,2025-09-19
PFE250919C00015000,2025-06-11 14:13:16+00:00,15.0,9.6,9.45,9.55,0.15000057,1.5873077,6.0,26,0.5351608984375,True,REGULAR,USD,call,2025-09-19
PFE250919C00016000,2025-06-10 16:05:07+00:00,16.0,8.4,8.45,8.6,0.0,0.0,1.0,4,0.5195360546875,True,REGULAR,USD,call,2025-09-19
PFE250919C00017000,2025-05-30 15:28:27+00:00,17.0,6.66,7.5,7.55,0.0,0.0,3.0,29,0.41602146484374997,True,REGULAR,USD,call,2025-09-19
PFE250919C00018000,2025-06-11 16:59:02+00:00,18.0,6.72,6.5,6.6,0.3199997,4.999995,28.0,131,0.398443515625,True,REGULAR,USD,call,2025-09-19
PFE250919C00019000,2025-06-11 16:57:20+00:00,19.0,5.6,5.35,5.65,0.1500001,2.7522955,13.0,191,0.36914693359375,True,REGULAR,USD,call,2025-09-19
PFE250919C00020000,2025-06-11 18:06:06+00:00,20.0,4.65,4.4,4.7,0.1500001,3.3333354,98.0,2605,0.33301448242187504,True,REGULAR,USD,call,2025-09-19
PFE250919C00021000,2025-06-11 18:15:27+00:00,21.0,3.7,3.7,3.8,-0.049999952,-1.3333321,47.0,402,0.30762411132812495,True,REGULAR,USD,call,2025-09-19
PFE250919C00022000,2025-06-11 18:18:52+00:00,22.0,2.85,2.69,2.97,0.06999993,2.5179832,49.0,2913,0.29004616210937495,True,REGULAR,USD,call,2025-09-19
PFE250919C00023000,2025-06-11 19:13:26+00:00,23.0,2.12,2.09,2.16,0.01999998,0.95238006,174.0,12840,0.2617261328125,True,REGULAR,USD,call,2025-09-19
PFE250919C00024000,2025-06-11 17:59:33+00:00,24.0,1.5,1.47,1.52,0.03999996,2.7397234,200.0,16189,0.2512281909179687,True,REGULAR,USD,call,2025-09-19
PFE250919C00025000,2025-06-11 18:53:59+00:00,25.0,0.98,0.99,1.02,0.0,0.0,3649.0,15504,0.245124736328125,False,REGULAR,USD,call,2025-09-19
PFE250919C00026000,2025-06-11 17:51:59+00:00,26.0,0.58,0.62,0.66,-0.050000012,-7.9365096,452.0,10106,0.243171630859375,False,REGULAR,USD,call,2025-09-19
PFE250919C00027000,2025-06-11 19:27:54+00:00,27.0,0.41,0.38,0.41,0.02000001,5.1282077,1936.0,13967,0.242195078125,False,REGULAR,USD,call,2025-09-19
PFE250919C00028000,2025-06-11 16:43:28+00:00,28.0,0.22,0.23,0.26,-0.010000005,-4.347828,56.0,4606,0.2461012890625,False,REGULAR,USD,call,2025-09-19
PFE250919C00029000,2025-06-11 15:57:30+00:00,29.0,0.15,0.13,0.15,0.02000001,15.384624,13.0,11002,0.245124736328125,False,REGULAR,USD,call,2025-09-19
PFE250919C00030000,2025-06-11 18:26:53+00:00,30.0,0.09,0.08,0.1,0.0,0.0,25.0,13805,0.25391371093750004,False,REGULAR,USD,call,2025-09-19
PFE250919C00031000,2025-06-11 17:46:28+00:00,31.0,0.07,0.05,0.07,0.010000002,16.66667,3.0,6080,0.264655791015625,False,REGULAR,USD,call,2025-09-19
PFE250919C00032000,2025-06-11 17:32:59+00:00,32.0,0.15,0.02,0.14,0.060000002,66.666664,4.0,5276,0.336920693359375,False,REGULAR,USD,call,2025-09-19
PFE250919C00033000,2025-06-05 14:57:47+00:00,33.0,0.04,0.02,0.12,0.0,0.0,1.0,318,0.35352208984374994,False,REGULAR,USD,call,2025-09-19
PFE250919C00034000,2025-05-29 18:10:30+00:00,34.0,0.04,0.01,0.06,0.0,0.0,1.0,78,0.33399103515625,False,REGULAR,USD,call,2025-09-19
PFE250919C00035000,2025-06-11 16:42:27+00:00,35.0,0.03,0.03,0.04,0.0,0.0,20.0,6482,0.335944140625,False,REGULAR,USD,call,2025-09-19
PFE250919C00037000,2025-06-06 16:52:43+00:00,37.0,0.03,0.02,0.06,0.0,0.0,10.0,4734,0.4023497265625,False,REGULAR,USD,call,2025-09-19
PFE250919C00040000,2025-06-03 14:20:37+00:00,40.0,0.01,0.01,0.03,0.0,0.0,2.0,1641,0.41797457031249996,False,REGULAR,USD,call,2025-09-19
PFE250919C00042000,2025-06-10 17:08:22+00:00,42.0,0.02,0.0,0.04,0.0,0.0,1.0,107,0.4687553125,False,REGULAR,USD,call,2025-09-19
PFE250919P00012000,2025-06-09 13:58:14+00:00,12.0,0.04,0.01,0.04,0.0,0.0,20.0,2748,0.6093789062500001,False,REGULAR,USD,put,2025-09-19
PFE250919P00013000,2025-06-05 19:20:10+00:00,13.0,0.03,0.01,0.1,0.0,0.0,,340,0.6152382226562501,False,REGULAR,USD,put,2025-09-19
PFE250919P00014000,2025-06-05 19:19:25+00:00,14.0,0.04,0.01,0.08,0.0,0.0,580.0,581,0.53320779296875,False,REGULAR,USD,put,2025-09-19
PFE250919P00015000,2025-06-11 13:30:08+00:00,15.0,0.05,0.04,0.06,-0.009999998,-16.666662,234.0,1193,0.49805189453125004,False,REGULAR,USD,put,2025-09-19
PFE250919P00016000,2025-06-10 14:18:35+00:00,16.0,0.06,0.05,0.19,0.0,0.0,3.0,42,0.5039112109375,False,REGULAR,USD,put,2025-09-19
PFE250919P00017000,2025-06-05 13:30:17+00:00,17.0,0.02,0.03,0.22,0.0,0.0,1.0,588,0.5107470800781251,False,REGULAR,USD,put,2025-09-19
PFE250919P00018000,2025-06-03 17:29:07+00:00,18.0,0.18,0.1,0.24,0.010000005,5.8823557,1.0,2343,0.45703667968750006,False,REGULAR,USD,put,2025-09-19
PFE250919P00019000,2025-06-10 18:41:19+00:00,19.0,0.15,0.15,0.17,0.0,0.0,44.0,4036,0.358404853515625,False,REGULAR,USD,put,2025-09-19
PFE250919P00020000,2025-06-11 17:30:49+00:00,20.0,0.2,0.23,0.25,-0.03999999,-16.666662,11.0,33335,0.336920693359375,False,REGULAR,USD,put,2025-09-19
PFE250919P00021000,2025-06-11 19:21:14+00:00,21.0,0.34,0.34,0.35,-0.00999999,-2.85714,186.0,55723,0.3110420458984374,False,REGULAR,USD,put,2025-09-19
PFE250919P00022000,2025-06-11 19:27:57+00:00,22.0,0.55,0.54,0.56,-0.01999998,-3.5087686,806.0,11565,0.30322962402343745,False,REGULAR,USD,put,2025-09-19
PFE250919P00023000,2025-06-11 19:23:40+00:00,23.0,0.79,0.79,0.83,-0.03999996,-4.8192725,1119.0,34844,0.29053443847656246,False,REGULAR,USD,put,2025-09-19
PFE250919P00024000,2025-06-11 18:19:11+00:00,24.0,1.15,1.17,1.2,-0.060000062,-4.9586825,265.0,6239,0.27930408203124996,False,REGULAR,USD,put,2025-09-19
PFE250919P00025000,2025-06-11 15:55:50+00:00,25.0,1.59,1.67,1.71,-0.16999996,-9.659089,112.0,37393,0.27466545654296876,True,REGULAR,USD,put,2025-09-19
PFE250919P00026000,2025-06-11 17:46:00+00:00,26.0,2.22,2.22,2.41,-0.12999988,-5.53191,18.0,4736,0.28711650390624993,True,REGULAR,USD,put,2025-09-19
PFE250919P00027000,2025-06-10 19:25:35+00:00,27.0,3.12,3.1,3.15,0.0,0.0,1.0,6837,0.29004616210937495,True,REGULAR,USD,put,2025-09-19
PFE250919P00028000,2025-06-11 18:10:56+00:00,28.0,3.95,3.95,4.05,-0.85000014,-17.708336,110.0,210,0.31641308593749995,True,REGULAR,USD,put,2025-09-19
PFE250919P00029000,2025-06-09 19:02:36+00:00,29.0,5.2,4.85,4.95,0.0,0.0,3.0,79,0.33350275878906255,True,REGULAR,USD,put,2025-09-19
PFE250919P00030000,2025-06-10 17:04:55+00:00,30.0,5.75,5.8,5.95,-0.19000006,-3.1986542,1.0,579,0.37354142089843745,True,REGULAR,USD,put,2025-09-19
PFE250919P00031000,2025-06-10 14:52:08+00:00,31.0,6.95,6.8,6.9,0.0,0.0,6.0,6,0.39502558105468755,True,REGULAR,USD,put,2025-09-19
PFE250919P00032000,2025-05-09 13:40:49+00:00,32.0,9.57,8.8,8.95,0.0,0.0,15.0,47,0.6884796777343751,True,REGULAR,USD,put,2025-09-19
PFE250919P00033000,2025-05-09 16:38:26+00:00,33.0,10.69,9.75,10.35,0.0,0.0,30.0,36,0.7680687255859376,True,REGULAR,USD,put,2025-09-19
PFE250919P00034000,2025-04-25 14:48:14+00:00,34.0,11.65,10.5,11.4,0.0,0.0,10.0,10,0.7827170166015626,True,REGULAR,USD,put,2025-09-19
PFE250919P00035000,2025-06-03 19:11:23+00:00,35.0,11.75,10.75,10.85,0.0,0.0,2.0,43,0.5029346582031251,True,REGULAR,USD,put,2025-09-19
PFE250919P00037000,2025-04-10 14:47:08+00:00,37.0,15.6,14.7,14.8,0.0,0.0,1.0,6,1.0664109179687502,True,REGULAR,USD,put,2025-09-19
PFE250919P00040000,2024-11-15 14:32:22+00:00,40.0,15.0,12.65,13.25,0.0,0.0,3.0,0,1.0000000000000003e-05,True,REGULAR,USD,put,2025-09-19
PFE250919P00042000,2025-05-30 16:28:41+00:00,42.0,18.6,17.7,17.8,0.0,0.0,1.0,1,0.6210975390625001,True,REGULAR,USD,put,2025-09-19
PFE251017C00012000,2025-06-10 13:50:23+00:00,12.0,12.45,12.4,12.5,0.3000002,2.4691374,1.0,6,0.585941640625,True,REGULAR,USD,call,2025-10-17
PFE251017C00014000,2025-06-09 15:10:39+00:00,14.0,9.9,10.4,10.55,0.0,0.0,1.0,1,0.5351608984375,True,REGULAR,USD,call,2025-10-17
PFE251017C00017000,2025-06-09 17:36:11+00:00,17.0,7.55,7.45,7.6,0.3000002,4.1379337,2.0,24,0.40820904296875,True,REGULAR,USD,call,2025-10-17
PFE251017C00018000,2025-06-11 19:10:15+00:00,18.0,6.55,6.5,6.6,0.05000019,0.7692337,19.0,277,0.35547519531249994,True,REGULAR,USD,call,2025-10-17
PFE251017C00019000,2025-06-10 18:14:40+00:00,19.0,5.75,5.55,5.65,0.25,4.5454545,5.0,5,0.3286199951171874,True,REGULAR,USD,call,2025-10-17
PFE251017C00020000,2025-06-11 19:03:58+00:00,20.0,4.65,4.6,4.7,0.099999905,2.1978,13.0,69,0.295905478515625,True,REGULAR,USD,call,2025-10-17
PFE251017C00021000,2025-06-10 14:30:44+00:00,21.0,3.9,3.75,3.95,0.25,6.8493147,4.0,11,0.31445998046874996,True,REGULAR,USD,call,2025-10-17
PFE251017C00022000,2025-06-11 16:45:35+00:00,22.0,3.12,2.79,3.05,0.16999984,5.7627068,15.0,18,0.2758861474609374,True,REGULAR,USD,call,2025-10-17
PFE251017C00023000,2025-06-10 17:44:24+00:00,23.0,2.39,2.24,2.3,0.11000013,4.8245673,37.0,3032,0.25928475097656256,True,REGULAR,USD,call,2025-10-17
PFE251017C00024000,2025-06-11 14:22:20+00:00,24.0,1.81,1.53,1.87,0.13999999,8.383233,19.0,1694,0.28443098388671867,True,REGULAR,USD,call,2025-10-17
PFE251017C00025000,2025-06-11 18:59:38+00:00,25.0,1.17,1.16,1.19,0.00999999,0.8620682,3112.0,3378,0.24683370361328127,False,REGULAR,USD,call,2025-10-17
PFE251017C00026000,2025-06-11 18:50:05+00:00,26.0,0.79,0.78,0.81,0.01000005,1.2820578,326.0,551,0.243171630859375,False,REGULAR,USD,call,2025-10-17
PFE251017C00027000,2025-06-11 18:00:26+00:00,27.0,0.53,0.51,0.55,0.029999971,5.9999943,17.0,438,0.24463645996093752,False,REGULAR,USD,call,2025-10-17
PFE251017C00028000,2025-06-11 17:27:39+00:00,28.0,0.35,0.33,0.36,0.0,0.0,138.0,334,0.24463645996093752,False,REGULAR,USD,call,2025-10-17
PFE251017C00029000,2025-06-10 13:31:03+00:00,29.0,0.2,0.21,0.23,0.0,0.0,1.0,75,0.24463645996093752,False,REGULAR,USD,call,2025-10-17
PFE251017C00030000,2025-06-11 16:35:15+00:00,30.0,0.15,0.14,0.16,0.0,0.0,18.0,70,0.25196060546875,False,REGULAR,USD,call,2025-10-17
PFE251017C00031000,2025-05-27 19:54:52+00:00,31.0,0.11,0.0,0.16,0.0,0.0,,2,0.2802806347656249,False,REGULAR,USD,call,2025-10-17
PFE251017C00033000,2025-05-30 19:46:57+00:00,33.0,0.05,0.02,0.19,0.0,0.0,5.0,5,0.34668622070312494,False,REGULAR,USD,call,2025-10-17
PFE251017C00034000,2025-05-30 19:46:36+00:00,34.0,0.14,0.01,0.17,0.0,0.0,5.0,5,0.362311064453125,False,REGULAR,USD,call,2025-10-17
PFE251017P00016000,2025-05-27 13:30:03+00:00,16.0,0.13,0.0,0.21,0.0,0.0,,100,0.5048877636718749,False,REGULAR,USD,put,2025-10-17
PFE251017P00018000,2025-06-06 14:02:29+00:00,18.0,0.18,0.12,0.15,0.0,0.0,3.0,63,0.358404853515625,False,REGULAR,USD,put,2025-10-17
PFE251017P00019000,2025-06-10 19:33:40+00:00,19.0,0.2,0.17,0.21,0.0,0.0,50.0,68,0.335944140625,False,REGULAR,USD,put,2025-10-17
PFE251017P00020000,2025-06-11 16:19:51+00:00,20.0,0.27,0.26,0.29,-0.00999999,-3.5714252,38.0,1884,0.31250687499999996,False,REGULAR,USD,put,2025-10-17
PFE251017P00021000,2025-06-11 13:31:35+00:00,21.0,0.43,0.4,0.43,0.0,0.0,1.0,157,0.2973703076171874,False,REGULAR,USD,put,2025-10-17
PFE251017P00022000,2025-06-11 19:25:05+00:00,22.0,0.61,0.61,0.64,-0.029999971,-4.6874957,9.0,1309,0.28613995117187496,False,REGULAR,USD,put,2025-10-17
PFE251017P00023000,2025-06-11 18:39:29+00:00,23.0,0.89,0.9,0.93,-0.02000004,-2.1978066,9.0,1696,0.2758861474609374,False,REGULAR,USD,put,2025-10-17
PFE251017P00024000,2025-06-11 18:55:37+00:00,24.0,1.27,1.28,1.32,-0.08000004,-5.9259286,388.0,3514,0.26782958740234375,False,REGULAR,USD,put,2025-10-17
PFE251017P00025000,2025-06-11 17:34:11+00:00,25.0,1.71,1.8,1.83,-0.07999992,-4.4692698,136.0,13,0.26319096191406255,True,REGULAR,USD,put,2025-10-17
PFE251017P00026000,2025-06-05 14:21:46+00:00,26.0,3.32,2.39,2.46,0.0,0.0,,142,0.2624585473632813,True,REGULAR,USD,put,2025-10-17
PFE251017P00027000,2025-06-09 19:02:36+00:00,27.0,3.45,3.2,3.25,0.0,0.0,3.0,3,0.2758861474609374,True,REGULAR,USD,put,2025-10-17
PFE251017P00030000,2025-06-06 19:45:31+00:00,30.0,6.87,5.8,5.95,0.0,0.0,3.0,3,0.32959654785156245,True,REGULAR,USD,put,2025-10-17
PFE251121C00012000,2025-06-09 18:43:16+00:00,12.0,12.15,12.4,12.55,0.0,0.0,15.0,17,0.5898478515625001,True,REGULAR,USD,call,2025-11-21
PFE251121C00013000,2025-06-11 14:40:44+00:00,13.0,11.7,11.45,11.55,0.5500002,4.9327374,7.0,21,0.5293015820312501,True,REGULAR,USD,call,2025-11-21
PFE251121C00014000,2025-06-10 18:29:37+00:00,14.0,10.35,10.45,10.55,0.0,0.0,1.0,19,0.47461462890625,True,REGULAR,USD,call,2025-11-21
PFE251121C00015000,2025-06-10 17:40:08+00:00,15.0,9.5,9.45,9.6,0.0,0.0,73.0,98,0.46289599609375004,True,REGULAR,USD,call,2025-11-21
PFE251121C00016000,2025-06-10 16:30:24+00:00,16.0,8.45,8.45,8.55,0.0,0.0,121.0,128,0.375982802734375,True,REGULAR,USD,call,2025-11-21
PFE251121C00017000,2025-06-11 18:09:29+00:00,17.0,7.6,7.45,7.6,0.5499997,7.801414,10.0,8,0.36133451171875,True,REGULAR,USD,call,2025-11-21
PFE251121C00018000,2025-06-11 18:43:29+00:00,18.0,6.6,6.5,6.65,0.6500001,10.924372,7.0,1386,0.33887379882812496,True,REGULAR,USD,call,2025-11-21
PFE251121C00019000,2025-06-06 14:16:58+00:00,19.0,5.65,5.6,5.7,0.8000002,16.494848,2.0,2047,0.31055376953124997,True,REGULAR,USD,call,2025-11-21
PFE251121C00020000,2025-06-11 17:57:42+00:00,20.0,4.85,4.7,4.8,0.099999905,2.105261,2.0,4075,0.2929758203124999,True,REGULAR,USD,call,2025-11-21
PFE251121C00021000,2025-06-05 13:46:08+00:00,21.0,3.05,3.85,3.95,0.0,0.0,1.0,71,0.2788158056640625,True,REGULAR,USD,call,2025-11-21
PFE251121C00022000,2025-06-11 13:45:24+00:00,22.0,3.22,3.05,3.15,0.06999993,2.22222,6.0,257,0.26416751464843746,True,REGULAR,USD,call,2025-11-21
PFE251121C00023000,2025-06-11 16:45:35+00:00,23.0,2.57,2.34,2.46,0.22000003,9.361704,17.0,3406,0.2573316455078125,True,REGULAR,USD,call,2025-11-21
PFE251121C00024000,2025-06-11 18:36:18+00:00,24.0,1.8,1.82,1.94,-0.04000008,-2.1739173,28.0,4720,0.26319096191406255,True,REGULAR,USD,call,2025-11-21
PFE251121C00025000,2025-06-11 18:34:23+00:00,25.0,1.32,1.33,1.37,-0.059999943,-4.347822,220.0,11597,0.24634542724609376,False,REGULAR,USD,call,2025-11-21
PFE251121C00026000,2025-06-11 19:07:06+00:00,26.0,0.95,0.95,0.99,-0.050000012,-5.000001,144.0,4140,0.24463645996093752,False,REGULAR,USD,call,2025-11-21
PFE251121C00027000,2025-06-11 17:03:49+00:00,27.0,0.74,0.64,0.7,0.06999999,10.44776,47.0,8042,0.2436599072265625,False,REGULAR,USD,call,2025-11-21
PFE251121C00028000,2025-06-11 16:59:03+00:00,28.0,0.51,0.47,0.49,0.030000001,6.25,19.0,2254,0.24414818359375,False,REGULAR,USD,call,2025-11-21
PFE251121C00029000,2025-06-11 18:07:44+00:00,29.0,0.32,0.33,0.34,-0.030000001,-8.571428,36.0,742,0.2456130126953125,False,REGULAR,USD,call,2025-11-21
PFE251121C00030000,2025-06-11 14:28:51+00:00,30.0,0.26,0.22,0.24,0.019999996,8.333331,3.0,5565,0.249030947265625,False,REGULAR,USD,call,2025-11-21
PFE251121C00031000,2025-05-20 19:43:20+00:00,31.0,0.11,0.15,0.18,0.0,0.0,,4,0.25586681640625003,False,REGULAR,USD,call,2025-11-21
PFE251121C00032000,2025-06-11 18:14:49+00:00,32.0,0.12,0.11,0.13,0.029999994,33.333324,2.0,1821,0.260749580078125,False,REGULAR,USD,call,2025-11-21
PFE251121C00035000,2025-06-11 17:00:02+00:00,35.0,0.07,0.05,0.08,0.010000002,16.66667,1.0,1851,0.29492892578124996,False,REGULAR,USD,call,2025-11-21
PFE251121C00037000,2025-06-09 15:33:28+00:00,37.0,0.08,0.02,0.17,0.0,0.0,92.0,937,0.38184211914062494,False,REGULAR,USD,call,2025-11-21
PFE251121C00040000,2025-06-11 15:44:11+00:00,40.0,0.04,0.03,0.05,0.0,0.0,2.0,620,0.35156898437499995,False,REGULAR,USD,call,2025-11-21
PFE251121C00042000,2025-02-05 20:14:06+00:00,42.0,0.14,0.0,0.43,0.0,0.0,5.0,22,0.570316796875,False,REGULAR,USD,call,2025-11-21
PFE251121C00045000,2025-06-10 17:16:24+00:00,45.0,0.03,0.0,0.13,0.0,0.0,15.0,319,0.48828636718750007,False,REGULAR,USD,call,2025-11-21
PFE251121P00012000,2025-06-11 13:30:12+00:00,12.0,0.03,0.01,0.08,-0.01,-25.0,100.0,284,0.5195360546875,False,REGULAR,USD,put,2025-11-21
PFE251121P00013000,2025-04-21 17:33:59+00:00,13.0,0.14,0.0,0.83,0.0,0.0,,2,0.7392604199218749,False,REGULAR,USD,put,2025-11-21
PFE251121P00014000,2025-06-09 16:42:30+00:00,14.0,0.04,0.0,0.21,0.0,0.0,1.0,55,0.561527822265625,False,REGULAR,USD,put,2025-11-21
PFE251121P00015000,2025-06-09 17:40:28+00:00,15.0,0.12,0.09,0.13,0.0,0.0,2.0,3598,0.45215391601562505,False,REGULAR,USD,put,2025-11-21
PFE251121P00016000,2025-06-09 17:56:06+00:00,16.0,0.14,0.1,0.16,0.0,0.0,1.0,177,0.41992767578125,False,REGULAR,USD,put,2025-11-21
PFE251121P00017000,2025-06-10 18:17:02+00:00,17.0,0.15,0.14,0.16,0.0,0.0,100.0,584,0.370123486328125,False,REGULAR,USD,put,2025-11-21
PFE251121P00018000,2025-06-09 19:42:57+00:00,18.0,0.24,0.19,0.22,0.0,0.0,5.0,5146,0.34961587890624996,False,REGULAR,USD,put,2025-11-21
PFE251121P00019000,2025-06-11 17:29:25+00:00,19.0,0.27,0.27,0.31,-0.109999985,-28.947363,31.0,2174,0.33301448242187504,False,REGULAR,USD,put,2025-11-21
PFE251121P00020000,2025-06-11 16:11:03+00:00,20.0,0.4,0.39,0.42,-0.01999998,-4.7619004,55.0,7925,0.3139717041015625,False,REGULAR,USD,put,2025-11-21
PFE251121P00021000,2025-06-11 18:58:21+00:00,21.0,0.56,0.58,0.6,-0.060000002,-9.67742,52.0,1685,0.30274134765625,False,REGULAR,USD,put,2025-11-21
PFE251121P00022000,2025-06-10 19:59:53+00:00,22.0,0.84,0.83,0.86,-0.07000005,-7.692313,1.0,1758,0.29566134033203123,False,REGULAR,USD,put,2025-11-21
PFE251121P00023000,2025-06-11 13:32:39+00:00,23.0,1.12,1.16,1.2,-0.100000024,-8.196723,7.0,5560,0.29004616210937495,False,REGULAR,USD,put,2025-11-21
PFE251121P00024000,2025-06-11 15:33:54+00:00,24.0,1.53,1.57,1.6,-0.100000024,-6.1349707,45.0,4026,0.28125718749999995,False,REGULAR,USD,put,2025-11-21
PFE251121P00025000,2025-06-11 16:14:44+00:00,25.0,2.08,2.11,2.16,-0.120000124,-5.4545507,13.0,6842,0.2841868457031249,True,REGULAR,USD,put,2025-11-21
PFE251121P00026000,2025-06-10 18:43:12+00:00,26.0,2.81,2.75,2.88,0.0,0.0,4.0,698,0.29932341308593746,True,REGULAR,USD,put,2025-11-21
PFE251121P00027000,2025-06-11 13:56:00+00:00,27.0,3.3,3.45,3.55,-0.35000014,-9.589045,1.0,2463,0.29566134033203123,True,REGULAR,USD,put,2025-11-21
PFE251121P00028000,2025-06-11 13:59:11+00:00,28.0,4.1,4.25,4.3,-0.4000001,-8.88889,1.0,42,0.29492892578124996,True,REGULAR,USD,put,2025-11-21
PFE251121P00029000,2025-05-30 16:28:41+00:00,29.0,5.95,5.1,5.2,0.0,0.0,4.0,70,0.31323928955078123,True,REGULAR,USD,put,2025-11-21
PFE251121P00030000,2025-06-10 18:59:49+00:00,30.0,5.95,6.0,6.1,-0.14000034,-2.2988563,16.0,1828,0.32617861328125,True,REGULAR,USD,put,2025-11-21
PFE251121P00031000,2025-06-10 18:59:55+00:00,31.0,7.04,6.9,7.0,0.0,0.0,22.0,25,0.33399103515625,True,REGULAR,USD,put,2025-11-21
PFE251121P00032000,2025-06-09 15:15:00+00:00,32.0,8.45,7.55,7.95,0.0,0.0,5.0,1673,0.3491276025390625,True,REGULAR,USD,put,2025-11-21
PFE251121P00035000,2025-06-09 15:05:27+00:00,35.0,11.4,10.75,10.85,0.0,0.0,7.0,637,0.3930724755859375,True,REGULAR,USD,put,2025-11-21
PFE251121P00037000,2025-06-09 14:44:35+00:00,37.0,13.45,12.7,12.85,0.0,0.0,4.0,23,0.43555251953125,True,REGULAR,USD,put,2025-11-21
PFE251121P00040000,2025-06-09 18:07:43+00:00,40.0,16.1,15.7,15.8,0.0,0.0,1.0,4,0.47363807617187503,True,REGULAR,USD,put,2025-11-21
PFE251121P00042000,2025-06-06 19:28:01+00:00,42.0,18.75,17.65,17.8,0.0,0.0,1.0,5,0.507817421875,True,REGULAR,USD,put,2025-11-21
PFE251121P00045000,2025-03-17 15:03:41+00:00,45.0,19.11,0.0,0.0,0.0,0.0,2.0,0,1.0000000000000003e-05,True,REGULAR,USD,put,2025-11-21
PFE251219C00012000,2025-05-08 18:55:51+00:00,12.0,10.95,11.05,12.05,0.0,0.0,2280.0,0,1.0000000000000003e-05,True,REGULAR,USD,call,2025-12-19
PFE251219C00013000,2025-06-11 15:29:19+00:00,13.0,11.67,11.4,12.25,1.0699997,10.0943365,2.0,12,0.6621127539062501,True,REGULAR,USD,call,2025-12-19
PFE251219C00014000,2025-06-10 15:24:56+00:00,14.0,10.42,10.05,11.15,0.0,0.0,3.0,3,0.7216824707031251,True,REGULAR,USD,call,2025-12-19
PFE251219C00015000,2025-06-09 14:17:30+00:00,15.0,9.01,8.75,10.1,0.0,0.0,4.0,25,0.6357458300781251,True,REGULAR,USD,call,2025-12-19
PFE251219C00016000,2025-05-29 15:21:50+00:00,16.0,7.35,8.5,8.75,0.0,0.0,1.0,26,0.45117736328125,True,REGULAR,USD,call,2025-12-19
PFE251219C00017500,2025-06-11 18:33:27+00:00,17.5,7.0,7.0,7.15,0.5,7.6923075,2.0,188,0.335944140625,True,REGULAR,USD,call,2025-12-19
PFE251219C00019000,2025-06-09 17:01:06+00:00,19.0,5.65,5.65,5.75,0.23000002,4.2435427,13.0,18,0.30322962402343745,True,REGULAR,USD,call,2025-12-19
PFE251219C00020000,2025-06-11 17:08:22+00:00,20.0,4.9,4.7,4.85,0.3499999,7.6923056,3.0,3201,0.2836985693359374,True,REGULAR,USD,call,2025-12-19
PFE251219C00021000,2025-06-10 15:24:04+00:00,21.0,3.9,3.65,4.15,0.0,0.0,1.0,642,0.29834686035156244,True,REGULAR,USD,call,2025-12-19
PFE251219C00022500,2025-06-11 19:26:15+00:00,22.5,2.84,2.61,2.87,0.0,0.0,35.0,4024,0.2534254345703125,True,REGULAR,USD,call,2025-12-19
PFE251219C00024000,2025-06-10 19:09:55+00:00,24.0,1.98,1.91,2.0,0.029999971,1.53846,2.0,2079,0.25171646728515623,True,REGULAR,USD,call,2025-12-19
PFE251219C00025000,2025-06-11 18:38:42+00:00,25.0,1.44,1.43,1.51,0.03000009,2.127666,247.0,6414,0.2475661181640625,False,REGULAR,USD,call,2025-12-19
PFE251219C00026000,2025-06-11 17:01:45+00:00,26.0,1.06,1.05,1.13,-0.01000011,-0.9345896,376.0,2386,0.24658956542968752,False,REGULAR,USD,call,2025-12-19
PFE251219C00027500,2025-06-11 19:27:55+00:00,27.5,0.65,0.65,0.68,-0.02000004,-2.9850807,143.0,11424,0.241218525390625,False,REGULAR,USD,call,2025-12-19
PFE251219C00029000,2025-06-11 18:01:11+00:00,29.0,0.4,0.38,0.42,-0.01999998,-4.7619004,80.0,3208,0.24414818359375,False,REGULAR,USD,call,2025-12-19
PFE251219C00030000,2025-06-11 19:15:45+00:00,30.0,0.27,0.28,0.3,-0.00999999,-3.5714252,605.0,12117,0.2456130126953125,False,REGULAR,USD,call,2025-12-19
PFE251219C00031000,2025-06-10 18:45:43+00:00,31.0,0.2,0.2,0.33,0.0,0.0,16.0,6676,0.2788158056640625,False,REGULAR,USD,call,2025-12-19
PFE251219C00032500,2025-06-10 14:18:47+00:00,32.5,0.13,0.12,0.17,0.0,0.0,12.0,3791,0.266608896484375,False,REGULAR,USD,call,2025-12-19
PFE251219C00035000,2025-06-10 15:20:55+00:00,35.0,0.08,0.08,0.11,0.0,0.0,1.0,16774,0.2890696093749999,False,REGULAR,USD,call,2025-12-19
PFE251219C00037500,2025-06-02 17:17:12+00:00,37.5,0.07,0.03,0.12,0.0,0.0,4.0,4377,0.336920693359375,False,REGULAR,USD,call,2025-12-19
PFE251219C00040000,2025-06-11 15:44:37+00:00,40.0,0.05,0.01,0.05,0.020000001,66.66668,16.0,14441,0.32617861328125,False,REGULAR,USD,call,2025-12-19
PFE251219C00042500,2025-05-27 18:53:10+00:00,42.5,0.02,0.0,0.05,0.0,0.0,4.0,847,0.35742830078125,False,REGULAR,USD,call,2025-12-19
PFE251219C00045000,2025-06-09 16:42:30+00:00,45.0,0.04,0.0,0.09,0.0,0.0,10.0,3770,0.42383388671875,False,REGULAR,USD,call,2025-12-19
PFE251219C00047500,2025-05-13 16:31:20+00:00,47.5,0.04,0.0,0.06,0.0,0.0,11.0,2124,0.42774009765625004,False,REGULAR,USD,call,2025-12-19
PFE251219C00050000,2025-05-15 17:04:53+00:00,50.0,0.04,0.01,0.05,0.0,0.0,1.0,5582,0.4414118359375,False,REGULAR,USD,call,2025-12-19
PFE251219C00055000,2025-05-28 17:36:11+00:00,55.0,0.02,0.0,0.02,0.0,0.0,1.0,8434,0.437505625,False,REGULAR,USD,call,2025-12-19
PFE251219C00060000,2025-06-11 17:25:43+00:00,60.0,0.01,0.0,0.01,0.0,0.0,1.0,6293,0.445318046875,False,REGULAR,USD,call,2025-12-19
PFE251219P00012000,2025-06-04 16:03:43+00:00,12.0,0.05,0.01,0.17,0.0,0.0,1180.0,1391,0.5390671093750001,False,REGULAR,USD,put,2025-12-19
PFE251219P00013000,2025-04-17 15:05:29+00:00,13.0,0.17,0.0,0.84,0.0,0.0,1.0,1,0.68555001953125,False,REGULAR,USD,put,2025-12-19
PFE251219P00014000,2025-05-20 13:58:53+00:00,14.0,0.14,0.0,0.22,0.0,0.0,2.0,32,0.524418818359375,False,REGULAR,USD,put,2025-12-19
PFE251219P00015000,2025-06-10 16:27:27+00:00,15.0,0.11,0.1,0.19,0.0,0.0,5.0,2669,0.454107021484375,False,REGULAR,USD,put,2025-12-19
PFE251219P00016000,2025-05-16 18:38:00+00:00,16.0,0.28,0.0,0.24,0.0,0.0,1.0,160,0.42774009765625004,False,REGULAR,USD,put,2025-12-19
PFE251219P00017500,2025-06-11 17:20:43+00:00,17.5,0.22,0.19,0.26,0.019999996,9.999997,27.0,5294,0.362311064453125,False,REGULAR,USD,put,2025-12-19
PFE251219P00019000,2025-06-10 13:32:29+00:00,19.0,0.4,0.3,0.37,0.0,0.0,3.0,1252,0.32569033691406246,False,REGULAR,USD,put,2025-12-19
PFE251219P00020000,2025-06-11 17:17:17+00:00,20.0,0.46,0.46,0.54,-0.03999999,-7.999998,168.0,17228,0.3188544677734374,False,REGULAR,USD,put,2025-12-19
PFE251219P00021000,2025-06-11 18:06:09+00:00,21.0,0.65,0.66,0.71,-0.09000003,-12.162168,63.0,4574,0.301764794921875,False,REGULAR,USD,put,2025-12-19
PFE251219P00022500,2025-06-11 15:52:17+00:00,22.5,1.09,1.06,1.22,-0.049999952,-4.3859606,36.0,17601,0.30274134765625,False,REGULAR,USD,put,2025-12-19
PFE251219P00024000,2025-06-11 19:22:03+00:00,24.0,1.72,1.69,1.76,0.0,0.0,3.0,932,0.2829661547851562,False,REGULAR,USD,put,2025-12-19
PFE251219P00025000,2025-06-11 17:45:13+00:00,25.0,2.14,2.17,2.26,-0.13999987,-6.140345,31.0,17370,0.2766185620117187,True,REGULAR,USD,put,2025-12-19
PFE251219P00026000,2025-06-11 18:38:08+00:00,26.0,2.85,2.77,2.97,-0.21000004,-6.8627462,13.0,150,0.28955788574218744,True,REGULAR,USD,put,2025-12-19
PFE251219P00027500,2025-06-11 18:51:36+00:00,27.5,3.92,3.9,4.0,-0.099999905,-2.4875598,48.0,9387,0.2858958129882812,True,REGULAR,USD,put,2025-12-19
PFE251219P00029000,2025-06-10 14:59:05+00:00,29.0,5.29,5.1,5.75,0.0,0.0,4.0,178,0.38184211914062494,True,REGULAR,USD,put,2025-12-19
PFE251219P00030000,2025-06-10 18:55:48+00:00,30.0,6.0,5.95,6.1,-0.059999943,-0.99009806,1.0,9213,0.30152065673828127,True,REGULAR,USD,put,2025-12-19
PFE251219P00031000,2025-06-10 18:59:31+00:00,31.0,6.96,6.9,7.15,0.0,0.0,1.0,25,0.3403386279296875,True,REGULAR,USD,put,2025-12-19
PFE251219P00032500,2025-06-10 18:56:27+00:00,32.5,8.49,8.15,9.3,0.0,0.0,2.0,8513,0.5009815527343751,True,REGULAR,USD,put,2025-12-19
PFE251219P00035000,2025-06-10 19:23:02+00:00,35.0,10.8,10.75,11.0,0.0,0.0,1.0,8857,0.40430283203125,True,REGULAR,USD,put,2025-12-19
PFE251219P00037500,2025-05-30 13:55:23+00:00,37.5,14.32,13.2,13.35,0.0,0.0,1.0,4648,0.4116269775390625,True,REGULAR,USD,put,2025-12-19
PFE251219P00040000,2025-05-12 15:52:37+00:00,40.0,16.95,14.9,15.85,0.0,0.0,4.0,20,0.4555718505859375,True,REGULAR,USD,put,2025-12-19
PFE251219P00042500,2024-11-27 16:28:21+00:00,42.5,17.2,14.0,16.05,0.0,0.0,1.0,0,1.0000000000000003e-05,True,REGULAR,USD,put,2025-12-19
PFE251219P00045000,2025-03-07 17:20:02+00:00,45.0,18.32,0.0,0.0,0.0,0.0,1.0,1,1.0000000000000003e-05,True,REGULAR,USD,put,2025-12-19
PFE251219P00047500,2024-12-16 05:11:34+00:00,47.5,20.43,18.9,21.2,0.0,0.0,9.0,0,1.0000000000000003e-05,True,REGULAR,USD,put,2025-12-19
PFE251219P00050000,2024-12-16 05:11:34+00:00,50.0,22.6,19.9,24.5,0.0,0.0,2.0,0,1.0000000000000003e-05,True,REGULAR,USD,put,2025-12-19
PFE251219P00055000,2024-12-16 05:11:34+00:00,55.0,27.9,25.95,28.4,0.0,0.0,2.0,0,1.0000000000000003e-05,True,REGULAR,USD,put,2025-12-19
PFE251219P00060000,2024-12-16 05:11:34+00:00,60.0,29.97,29.1,31.7,0.0,0.0,1.0,0,1.0000000000000003e-05,True,REGULAR,USD,put,2025-12-19
PFE260116C00013000,2025-06-06 15:57:51+00:00,13.0,10.58,11.4,11.75,0.0,0.0,8.0,11,0.5839885351562499,True,REGULAR,USD,call,2026-01-16
PFE260116C00015000,2025-06-10 14:07:03+00:00,15.0,9.3,9.35,9.65,0.0,0.0,1.0,1107,0.42676354492187507,True,REGULAR,USD,call,2026-01-16
PFE260116C00016000,2025-04-28 19:51:10+00:00,16.0,7.05,7.3,7.5,0.0,0.0,,1,1.0000000000000003e-05,True,REGULAR,USD,call,2026-01-16
PFE260116C00017500,2025-06-09 15:18:45+00:00,17.5,6.6,7.0,7.2,0.0,0.0,1.0,1011,0.33301448242187504,True,REGULAR,USD,call,2026-01-16
PFE260116C00019000,2025-06-04 14:03:02+00:00,19.0,4.85,5.6,5.8,0.0,0.0,2.0,36,0.2973703076171874,True,REGULAR,USD,call,2026-01-16
PFE260116C00020000,2025-06-11 19:26:40+00:00,20.0,4.86,4.8,5.15,0.05000019,1.039505,125.0,11909,0.32959654785156245,True,REGULAR,USD,call,2026-01-16
PFE260116C00021000,2025-06-11 14:39:23+00:00,21.0,4.19,3.15,4.2,0.19000006,4.7500014,28.0,280,0.28784891845703114,True,REGULAR,USD,call,2026-01-16
PFE260116C00022500,2025-06-11 15:39:02+00:00,22.5,2.93,2.91,2.99,-0.00999999,-0.34013572,32.0,16960,0.25489026367187506,True,REGULAR,USD,call,2026-01-16
PFE260116C00024000,2025-06-11 18:20:28+00:00,24.0,2.01,2.03,2.1,-0.06999993,-3.3653815,93.0,1929,0.2485426708984375,True,REGULAR,USD,call,2026-01-16
PFE260116C00025000,2025-06-11 19:25:03+00:00,25.0,1.58,1.55,1.61,0.08000004,5.333336,566.0,43323,0.24439232177734377,False,REGULAR,USD,call,2026-01-16
PFE260116C00026000,2025-06-11 18:42:55+00:00,26.0,1.17,0.75,1.22,-0.04000008,-3.3057916,22.0,5489,0.24268335449218748,False,REGULAR,USD,call,2026-01-16
PFE260116C00027500,2025-06-11 18:20:20+00:00,27.5,0.73,0.75,0.84,-0.060000002,-7.5949364,365.0,45921,0.2500075,False,REGULAR,USD,call,2026-01-16
PFE260116C00029000,2025-06-11 16:51:21+00:00,29.0,0.51,0.45,0.54,0.0,0.0,60.0,1590,0.25025163818359375,False,REGULAR,USD,call,2026-01-16
PFE260116C00030000,2025-06-11 19:07:55+00:00,30.0,0.36,0.33,0.36,-0.01999998,-5.263153,6889.0,82814,0.24268335449218748,False,REGULAR,USD,call,2026-01-16
PFE260116C00032500,2025-06-11 16:22:06+00:00,32.5,0.2,0.15,0.2,0.010000005,5.2631607,83.0,17363,0.25879647460937505,False,REGULAR,USD,call,2026-01-16
PFE260116C00035000,2025-06-11 18:27:12+00:00,35.0,0.11,0.09,0.11,0.009999998,9.999997,176.0,36985,0.270515107421875,False,REGULAR,USD,call,2026-01-16
PFE260116C00037500,2025-06-11 15:32:03+00:00,37.5,0.07,0.05,0.08,0.0,0.0,2.0,5058,0.2929758203124999,False,REGULAR,USD,call,2026-01-16
PFE260116C00040000,2025-06-11 13:30:04+00:00,40.0,0.06,0.02,0.06,0.009999998,19.999994,39.0,25554,0.31250687499999996,False,REGULAR,USD,call,2026-01-16
PFE260116C00042500,2025-05-30 17:03:42+00:00,42.5,0.03,0.02,0.16,0.0,0.0,6.0,2503,0.405279384765625,False,REGULAR,USD,call,2026-01-16
PFE260116C00045000,2025-06-09 17:21:55+00:00,45.0,0.05,0.0,0.05,0.030000001,150.0,1.0,6514,0.3632876171875,False,REGULAR,USD,call,2026-01-16
PFE260116C00047500,2025-06-04 19:59:40+00:00,47.5,0.03,0.02,0.04,0.0,0.0,3.0,1716,0.37695935546875,False,REGULAR,USD,call,2026-01-16
PFE260116C00050000,2025-06-10 15:10:17+00:00,50.0,0.03,0.02,0.04,0.0,0.0,5.0,9139,0.4023497265625,False,REGULAR,USD,call,2026-01-16
PFE260116P00013000,2025-06-11 18:40:44+00:00,13.0,0.06,0.07,0.09,-0.010000002,-14.285716,100.0,736,0.45313046875,False,REGULAR,USD,put,2026-01-16
PFE260116P00015000,2025-06-10 19:55:12+00:00,15.0,0.12,0.1,0.25,-0.04,-25.0,2.0,3571,0.45313046875,False,REGULAR,USD,put,2026-01-16
PFE260116P00016000,2025-06-10 18:31:45+00:00,16.0,0.16,0.12,0.19,0.0,0.0,10.0,57,0.37793590820312495,False,REGULAR,USD,put,2026-01-16
PFE260116P00017500,2025-06-11 14:24:23+00:00,17.5,0.26,0.22,0.29,0.00999999,3.9999962,22.0,5441,0.348639326171875,False,REGULAR,USD,put,2026-01-16
PFE260116P00019000,2025-06-11 19:03:39+00:00,19.0,0.35,0.36,0.44,-0.08000001,-18.604652,6315.0,1731,0.32227240234374993,False,REGULAR,USD,put,2026-01-16
PFE260116P00020000,2025-06-11 17:05:06+00:00,20.0,0.52,0.52,0.58,-0.060000002,-10.344828,69.0,29291,0.3061592822265625,False,REGULAR,USD,put,2026-01-16
PFE260116P00021000,2025-06-11 14:51:00+00:00,21.0,0.68,0.72,0.78,-0.060000002,-8.108108,334.0,4452,0.29444064941406245,False,REGULAR,USD,put,2026-01-16
PFE260116P00022500,2025-06-11 19:17:53+00:00,22.5,1.16,1.12,1.21,-0.05000007,-4.132237,51.0,67555,0.28125718749999995,False,REGULAR,USD,put,2026-01-16
PFE260116P00024000,2025-06-11 18:26:58+00:00,24.0,1.77,1.75,1.83,-0.09000003,-4.8387117,2.0,742,0.27368890380859373,False,REGULAR,USD,put,2026-01-16
PFE260116P00025000,2025-06-11 17:29:51+00:00,25.0,2.21,2.24,2.38,-0.15999985,-6.7510486,59.0,58736,0.274421318359375,True,REGULAR,USD,put,2026-01-16
PFE260116P00026000,2025-06-09 15:50:31+00:00,26.0,3.22,2.89,3.05,0.0,0.0,1.0,1368,0.28125718749999995,True,REGULAR,USD,put,2026-01-16
PFE260116P00027500,2025-06-10 13:32:20+00:00,27.5,4.26,4.0,4.15,0.0,0.0,10.0,26236,0.2890696093749999,True,REGULAR,USD,put,2026-01-16
PFE260116P00029000,2025-06-10 18:53:12+00:00,29.0,5.34,5.15,5.35,0.0,0.0,4.0,44,0.2951730639648437,True,REGULAR,USD,put,2026-01-16
PFE260116P00030000,2025-06-11 18:31:24+00:00,30.0,6.14,6.05,6.15,-0.059999943,-0.967741,46.0,30009,0.2910227148437499,True,REGULAR,USD,put,2026-01-16
PFE260116P00032500,2025-06-11 17:21:40+00:00,32.5,8.35,8.3,8.45,-0.059999466,-0.71343005,4.0,8356,0.3129951513671875,True,REGULAR,USD,put,2026-01-16
PFE260116P00035000,2025-06-06 16:53:43+00:00,35.0,11.8,10.75,10.9,0.0,0.0,1.0,8974,0.3530338134765625,True,REGULAR,USD,put,2026-01-16
PFE260116P00037500,2025-05-21 14:19:37+00:00,37.5,14.25,13.15,13.35,0.0,0.0,5.0,4345,0.38477177734374995,True,REGULAR,USD,put,2026-01-16
PFE260116P00040000,2025-04-11 13:34:08+00:00,40.0,18.89,0.0,0.0,0.0,0.0,75.0,0,1.0000000000000003e-05,True,REGULAR,USD,put,2026-01-16
PFE260116P00042500,2025-05-12 18:07:28+00:00,42.5,19.38,18.15,18.35,0.0,0.0,2.0,3,0.46289599609375004,True,REGULAR,USD,put,2026-01-16
PFE260116P00045000,2025-03-10 15:36:34+00:00,45.0,18.34,21.85,24.45,0.0,0.0,2.0,2,0.9372564868164062,True,REGULAR,USD,put,2026-01-16
PFE260116P00047500,2024-12-27 18:05:41+00:00,47.5,21.1,19.9,22.75,0.0,0.0,2.0,0,1.0000000000000003e-05,True,REGULAR,USD,put,2026-01-16
PFE260116P00050000,2025-05-01 13:36:25+00:00,50.0,24.75,25.8,27.3,0.0,0.0,5.0,16,0.7417018017578124,True,REGULAR,USD,put,2026-01-16
PFE260320C00013000,2025-05-08 18:14:14+00:00,13.0,10.0,9.4,11.15,0.0,0.0,6.0,0,1.0000000000000003e-05,True,REGULAR,USD,call,2026-03-20
PFE260320C00015000,2025-06-10 17:42:43+00:00,15.0,9.47,9.4,10.15,0.0,0.0,4.0,99,0.5366257275390626,True,REGULAR,USD,call,2026-03-20
PFE260320C00018000,2025-06-11 14:52:13+00:00,18.0,6.9,6.55,7.6,1.1300001,19.584059,2.0,1380,0.47022014160156256,True,REGULAR,USD,call,2026-03-20
PFE260320C00020000,2025-06-11 18:32:44+00:00,20.0,4.89,4.85,4.95,0.03999996,0.8247415,41.0,3389,0.2536695727539063,True,REGULAR,USD,call,2026-03-20
PFE260320C00023000,2025-06-11 17:20:01+00:00,23.0,2.89,2.75,2.87,0.1400001,5.090913,32.0,3016,0.24781025634765624,True,REGULAR,USD,call,2026-03-20
PFE260320C00025000,2025-06-11 18:08:06+00:00,25.0,1.79,1.73,1.87,0.0,0.0,13.0,2035,0.24585715087890625,False,REGULAR,USD,call,2026-03-20
PFE260320C00027000,2025-06-11 16:55:10+00:00,27.0,1.16,1.07,1.16,0.059999943,5.4545403,655.0,13127,0.24439232177734377,False,REGULAR,USD,call,2026-03-20
PFE260320C00030000,2025-06-11 18:53:19+00:00,30.0,0.49,0.44,0.57,-0.01999998,-3.921565,313.0,7490,0.25049577636718745,False,REGULAR,USD,call,2026-03-20
PFE260320C00032000,2025-06-11 18:04:58+00:00,32.0,0.29,0.24,0.4,-0.02000001,-6.451616,4.0,2239,0.264655791015625,False,REGULAR,USD,call,2026-03-20
PFE260320C00035000,2025-06-09 19:39:33+00:00,35.0,0.16,0.07,0.22,0.0,0.0,62.0,978,0.27637442382812494,False,REGULAR,USD,call,2026-03-20
PFE260320C00037000,2025-06-10 17:18:59+00:00,37.0,0.11,0.08,0.14,0.0,0.0,8.0,212,0.27930408203124996,False,REGULAR,USD,call,2026-03-20
PFE260320C00040000,2025-06-09 14:28:34+00:00,40.0,0.07,0.05,0.16,0.0,0.0,800.0,2968,0.327155166015625,False,REGULAR,USD,call,2026-03-20
PFE260320P00013000,2025-06-09 14:11:58+00:00,13.0,0.11,0.1,0.29,0.0,0.0,1.0,229,0.5127001855468749,False,REGULAR,USD,put,2026-03-20
PFE260320P00015000,2025-06-10 13:33:05+00:00,15.0,0.2,0.13,0.21,0.0,0.0,2.0,2151,0.38281867187499996,False,REGULAR,USD,put,2026-03-20
PFE260320P00018000,2025-06-10 19:00:28+00:00,18.0,0.39,0.25,0.55,0.0,0.0,75.0,12240,0.35205726074218746,False,REGULAR,USD,put,2026-03-20
PFE260320P00020000,2025-06-11 15:47:55+00:00,20.0,0.73,0.69,0.81,-0.01999998,-2.6666641,53.0,9992,0.3107979077148437,False,REGULAR,USD,put,2026-03-20
PFE260320P00023000,2025-06-11 18:39:43+00:00,23.0,1.66,1.61,1.77,0.059999943,3.7499964,168.0,6147,0.29224340576171864,False,REGULAR,USD,put,2026-03-20
PFE260320P00025000,2025-06-11 18:43:32+00:00,25.0,2.63,2.66,2.89,-0.119999886,-4.363632,268.0,5710,0.3012765185546875,True,REGULAR,USD,put,2026-03-20
PFE260320P00027000,2025-06-11 17:45:13+00:00,27.0,3.61,3.85,4.15,-0.49,-11.95122,20.0,859,0.2985909985351562,True,REGULAR,USD,put,2026-03-20
PFE260320P00030000,2025-06-09 15:57:49+00:00,30.0,6.65,5.5,6.95,0.0,0.0,80.0,1334,0.36914693359375,True,REGULAR,USD,put,2026-03-20
PFE260320P00032000,2025-06-02 18:46:03+00:00,32.0,9.0,7.35,8.2,0.0,0.0,1.0,97,0.3110420458984374,True,REGULAR,USD,put,2026-03-20
PFE260320P00035000,2025-04-23 14:29:07+00:00,35.0,12.8,11.7,12.0,0.0,0.0,20.0,41,0.49561051269531253,True,REGULAR,USD,put,2026-03-20
PFE260320P00037000,2025-04-10 13:32:05+00:00,37.0,15.1,14.65,15.15,0.0,0.0,1.0,0,0.6562534375000001,True,REGULAR,USD,put,2026-03-20
PFE260618C00013000,2025-06-05 19:19:14+00:00,13.0,10.15,11.25,11.55,0.0,0.0,2.0,0,0.35156898437499995,True,REGULAR,USD,call,2026-06-18
PFE260618C00015000,2025-06-10 16:43:39+00:00,15.0,9.66,9.45,9.55,0.21000004,2.2222226,4.0,200,0.28125718749999995,True,REGULAR,USD,call,2026-06-18
PFE260618C00018000,2025-06-11 17:43:47+00:00,18.0,6.8,6.5,8.15,0.39000034,6.084249,13.0,802,0.4931691308593751,True,REGULAR,USD,call,2026-06-18
PFE260618C00020000,2025-06-11 19:02:26+00:00,20.0,4.99,5.0,5.3,-0.0800004,-1.5779171,22.0,3697,0.2756420092773437,True,REGULAR,USD,call,2026-06-18
PFE260618C00023000,2025-06-11 16:07:07+00:00,23.0,3.19,2.92,3.15,0.120000124,3.908799,9.0,4765,0.24634542724609376,True,REGULAR,USD,call,2026-06-18
PFE260618C00025000,2025-06-11 19:15:02+00:00,25.0,2.1,2.07,2.13,0.0,0.0,34.0,14107,0.24048611083984373,False,REGULAR,USD,call,2026-06-18
PFE260618C00027000,2025-06-11 17:57:07+00:00,27.0,1.42,1.34,1.43,0.049999952,3.6496315,85.0,10583,0.24146266357421875,False,REGULAR,USD,call,2026-06-18
PFE260618C00030000,2025-06-11 16:29:46+00:00,30.0,0.72,0.69,0.78,0.0,0.0,119.0,21241,0.24658956542968752,False,REGULAR,USD,call,2026-06-18
PFE260618C00032000,2025-06-11 14:22:22+00:00,32.0,0.45,0.35,0.51,-0.04000002,-8.163269,6.0,9565,0.2485426708984375,False,REGULAR,USD,call,2026-06-18
PFE260618C00035000,2025-06-11 18:23:46+00:00,35.0,0.25,0.2,0.28,-0.00999999,-3.8461504,5.0,18345,0.25489026367187506,False,REGULAR,USD,call,2026-06-18
PFE260618C00037000,2025-06-10 19:10:02+00:00,37.0,0.19,0.14,0.23,0.0,0.0,12.0,3006,0.2700268310546875,False,REGULAR,USD,call,2026-06-18
PFE260618C00040000,2025-06-11 17:23:14+00:00,40.0,0.12,0.07,0.13,-0.009999998,-7.692306,11.0,6835,0.2739330419921875,False,REGULAR,USD,call,2026-06-18
PFE260618C00042000,2025-06-11 17:57:07+00:00,42.0,0.09,0.05,0.18,0.020000003,28.571432,1.0,3864,0.3129951513671875,False,REGULAR,USD,call,2026-06-18
PFE260618C00045000,2025-06-11 15:28:42+00:00,45.0,0.06,0.06,0.08,-0.010000002,-14.285716,101.0,7410,0.29883513671874995,False,REGULAR,USD,call,2026-06-18
PFE260618P00013000,2025-05-28 18:34:11+00:00,13.0,0.36,0.1,1.0,0.0,0.0,5.0,317,0.5312546875,False,REGULAR,USD,put,2026-06-18
PFE260618P00015000,2025-06-10 18:19:04+00:00,15.0,0.25,0.2,0.47,0.0,0.0,110.0,4762,0.41309180664062495,False,REGULAR,USD,put,2026-06-18
PFE260618P00018000,2025-06-05 15:44:45+00:00,18.0,0.75,0.4,1.44,0.0,0.0,141.0,1120,0.45532771240234376,False,REGULAR,USD,put,2026-06-18
PFE260618P00020000,2025-06-11 18:13:29+00:00,20.0,0.98,0.96,1.04,-0.01999998,-1.9999981,443.0,10429,0.3039620385742187,False,REGULAR,USD,put,2026-06-18
PFE260618P00023000,2025-06-11 18:30:53+00:00,23.0,1.99,1.99,2.13,-0.06999993,-3.398055,110.0,15828,0.2937082348632812,False,REGULAR,USD,put,2026-06-18
PFE260618P00025000,2025-06-11 18:42:10+00:00,25.0,3.0,2.98,4.1,-0.049999952,-1.6393427,457.0,9204,0.3857483300781249,True,REGULAR,USD,put,2026-06-18
PFE260618P00027000,2025-06-11 14:45:19+00:00,27.0,4.2,3.65,5.05,-0.8000002,-16.000004,9.0,9083,0.35278967529296873,True,REGULAR,USD,put,2026-06-18
PFE260618P00030000,2025-06-09 14:43:07+00:00,30.0,6.99,6.45,7.2,0.0,0.0,10.0,2983,0.3493717407226562,True,REGULAR,USD,put,2026-06-18
PFE260618P00032000,2025-05-28 13:33:04+00:00,32.0,9.75,7.2,9.4,0.0,0.0,1.0,7661,0.4182187084960937,True,REGULAR,USD,put,2026-06-18
PFE260618P00035000,2025-06-10 17:17:57+00:00,35.0,10.9,10.8,12.05,0.0,0.0,1.0,390,0.4379939013671875,True,REGULAR,USD,put,2026-06-18
PFE260618P00037000,2025-05-21 14:23:21+00:00,37.0,13.75,11.6,13.2,0.0,0.0,5.0,170,0.3549869189453124,True,REGULAR,USD,put,2026-06-18
PFE260618P00040000,2025-06-06 17:55:39+00:00,40.0,16.69,13.75,16.75,0.0,0.0,2.0,188,0.47998566894531247,True,REGULAR,USD,put,2026-06-18
PFE260618P00042000,2025-01-28 16:05:09+00:00,42.0,15.29,13.9,17.7,0.0,0.0,2.0,0,0.305671005859375,True,REGULAR,USD,put,2026-06-18
PFE260618P00045000,2025-01-27 15:30:43+00:00,45.0,18.3,18.0,19.1,0.0,0.0,54.0,0,1.0000000000000003e-05,True,REGULAR,USD,put,2026-06-18
PFE260918C00022000,2025-06-03 16:05:13+00:00,22.0,3.2,2.37,3.9,0.0,0.0,3.0,43,0.23731231445312498,True,REGULAR,USD,call,2026-09-18
PFE260918C00025000,2025-06-11 13:44:33+00:00,25.0,2.33,1.83,2.38,0.059999943,2.6431694,4.0,128,0.2375564526367187,False,REGULAR,USD,call,2026-09-18
PFE260918C00027000,2025-06-11 18:55:27+00:00,27.0,1.55,1.42,1.81,0.07999992,5.4421716,9.0,20,0.2514723291015625,False,REGULAR,USD,call,2026-09-18
PFE260918C00030000,2025-06-09 16:34:45+00:00,30.0,0.91,0.0,1.01,0.0,0.0,1.0,17,0.2461012890625,False,REGULAR,USD,call,2026-09-18
PFE260918C00032000,2025-06-04 14:48:02+00:00,32.0,0.53,0.54,0.77,0.0,0.0,,2,0.25659923095703124,False,REGULAR,USD,call,2026-09-18
PFE260918P00013000,2025-06-11 14:20:57+00:00,13.0,0.2,0.0,0.24,-0.00999999,-4.7619004,15.0,39,0.38233039550781245,False,REGULAR,USD,put,2026-09-18
PFE260918P00015000,2025-06-09 13:30:05+00:00,15.0,0.41,0.0,0.38,0.0,0.0,6.0,64,0.3481510498046875,False,REGULAR,USD,put,2026-09-18
PFE260918P00020000,2025-06-02 15:00:00+00:00,20.0,1.46,1.08,1.25,0.0,0.0,1.0,3,0.29834686035156244,False,REGULAR,USD,put,2026-09-18
PFE260918P00022000,2025-06-10 19:33:55+00:00,22.0,1.9,1.62,2.09,0.0,0.0,722.0,1015,0.3050606604003906,False,REGULAR,USD,put,2026-09-18
PFE260918P00025000,2025-06-03 16:11:15+00:00,25.0,3.8,1.33,3.8,0.0,0.0,,44,0.3184882604980468,True,REGULAR,USD,put,2026-09-18
PFE260918P00027000,2025-06-04 14:02:09+00:00,27.0,5.15,2.63,4.85,0.0,0.0,,23,0.29834686035156244,True,REGULAR,USD,put,2026-09-18
PFE260918P00030000,2025-06-03 18:06:18+00:00,30.0,7.45,6.6,7.0,0.0,0.0,,1,0.29383030395507803,True,REGULAR,USD,put,2026-09-18
PFE260918P00032000,2025-06-09 15:15:00+00:00,32.0,8.85,8.25,10.05,0.0,0.0,5.0,66,0.4382380395507813,True,REGULAR,USD,put,2026-09-18
PFE261218C00013000,2025-05-16 17:36:15+00:00,13.0,9.82,10.9,12.4,0.0,0.0,2.0,2,0.5168505346679688,True,REGULAR,USD,call,2026-12-18
PFE261218C00015000,2025-06-09 16:30:19+00:00,15.0,9.2,9.45,11.15,0.0,0.0,1.0,25,0.5422409057617189,True,REGULAR,USD,call,2026-12-18
PFE261218C00018000,2025-06-04 18:26:34+00:00,18.0,6.0,5.8,7.65,0.0,0.0,24.0,145,0.34058276611328125,True,REGULAR,USD,call,2026-12-18
PFE261218C00020000,2025-06-11 18:05:56+00:00,20.0,5.2,5.15,5.3,0.6499996,14.285706,26.0,1135,0.22461712890624996,True,REGULAR,USD,call,2026-12-18
PFE261218C00023000,2025-06-10 16:57:18+00:00,23.0,3.41,3.2,3.95,0.0,0.0,3.0,2577,0.27197993652343744,True,REGULAR,USD,call,2026-12-18
PFE261218C00025000,2025-06-11 18:34:23+00:00,25.0,2.43,2.36,2.73,-0.01999998,-0.8163257,12.0,3136,0.24634542724609376,False,REGULAR,USD,call,2026-12-18
PFE261218C00027000,2025-06-10 19:57:10+00:00,27.0,1.87,1.54,1.91,0.08000004,4.469276,6.0,7924,0.23841093627929685,False,REGULAR,USD,call,2026-12-18
PFE261218C00030000,2025-06-11 15:17:13+00:00,30.0,1.11,0.92,1.14,0.0,0.0,98.0,4768,0.23780059082031246,False,REGULAR,USD,call,2026-12-18
PFE261218C00032000,2025-06-11 18:33:04+00:00,32.0,0.76,0.66,0.83,0.00999999,1.3333321,10.0,2347,0.24134059448242187,False,REGULAR,USD,call,2026-12-18
PFE261218C00035000,2025-06-11 16:32:41+00:00,35.0,0.51,0.45,0.51,0.00999999,1.9999981,11.0,4057,0.245124736328125,False,REGULAR,USD,call,2026-12-18
PFE261218C00037000,2025-06-11 16:36:21+00:00,37.0,0.38,0.32,0.41,0.03999999,11.764703,2.0,403,0.2541578491210938,False,REGULAR,USD,call,2026-12-18
PFE261218C00040000,2025-06-11 18:52:48+00:00,40.0,0.26,0.22,0.3,0.019999996,8.333331,1.0,14438,0.2661206201171875,False,REGULAR,USD,call,2026-12-18
PFE261218C00042000,2025-05-30 14:05:06+00:00,42.0,0.16,0.15,0.22,0.0,0.0,1.0,763,0.266608896484375,False,REGULAR,USD,call,2026-12-18
PFE261218C00045000,2025-06-11 15:06:40+00:00,45.0,0.13,0.13,0.18,0.0,0.0,11.0,13015,0.28076891113281244,False,REGULAR,USD,call,2026-12-18
PFE261218P00013000,2025-06-10 17:40:05+00:00,13.0,0.29,0.22,0.28,0.0,0.0,73.0,146,0.3627993408203125,False,REGULAR,USD,put,2026-12-18
PFE261218P00015000,2025-06-10 19:45:00+00:00,15.0,0.44,0.39,0.6,0.0,0.0,443.0,17765,0.36524072265625,False,REGULAR,USD,put,2026-12-18
PFE261218P00018000,2025-06-10 16:02:07+00:00,18.0,0.9,0.71,0.92,0.0,0.0,45.0,2153,0.30591514404296877,False,REGULAR,USD,put,2026-12-18
PFE261218P00020000,2025-06-11 19:26:37+00:00,20.0,1.36,1.35,1.61,-0.029999971,-2.1582713,6.0,4373,0.3122627368164062,False,REGULAR,USD,put,2026-12-18
PFE261218P00023000,2025-06-11 19:19:55+00:00,23.0,2.55,2.46,2.58,0.0,0.0,5.0,4861,0.28064684204101553,False,REGULAR,USD,put,2026-12-18
PFE261218P00025000,2025-06-10 16:45:58+00:00,25.0,3.45,3.35,3.65,-0.099999905,-2.8168988,3.0,11545,0.2788158056640625,True,REGULAR,USD,put,2026-12-18
PFE261218P00027000,2025-06-11 18:51:36+00:00,27.0,4.67,4.15,5.3,-0.9299998,-16.60714,1.0,4428,0.3103096313476562,True,REGULAR,USD,put,2026-12-18
PFE261218P00030000,2025-05-22 19:49:30+00:00,30.0,7.95,6.6,7.45,0.0,0.0,7.0,3623,0.3090889404296875,True,REGULAR,USD,put,2026-12-18
PFE261218P00032000,2025-05-29 19:56:19+00:00,32.0,9.34,8.4,9.1,0.0,0.0,1.0,292,0.3156806713867187,True,REGULAR,USD,put,2026-12-18
PFE261218P00035000,2025-06-10 19:23:02+00:00,35.0,11.07,9.75,12.9,0.0,0.0,1.0,2033,0.43897045410156255,True,REGULAR,USD,put,2026-12-18
PFE261218P00037000,2025-05-12 19:08:56+00:00,37.0,14.04,11.9,13.9,0.0,0.0,38.0,68,0.37280900634765624,True,REGULAR,USD,put,2026-12-18
PFE261218P00040000,2025-04-11 19:31:29+00:00,40.0,18.43,0.0,0.0,0.0,0.0,1.0,0,1.0000000000000003e-05,True,REGULAR,USD,put,2026-12-18
PFE261218P00042000,2025-05-12 19:08:56+00:00,42.0,18.99,16.8,18.6,0.0,0.0,38.0,3750,0.39942006835937505,True,REGULAR,USD,put,2026-12-18
PFE261218P00045000,2024-12-16 05:11:31+00:00,45.0,18.82,19.25,21.65,0.0,0.0,100.0,0,0.43604079589843747,True,REGULAR,USD,put,2026-12-18
PFE270115C00013000,2025-05-21 19:02:40+00:00,13.0,10.3,11.4,11.55,0.0,0.0,59.0,116,0.274421318359375,True,REGULAR,USD,call,2027-01-15
PFE270115C00015000,2025-06-10 18:17:27+00:00,15.0,9.51,9.45,9.55,0.11000061,1.1702193,258.0,1294,0.21973436523437498,True,REGULAR,USD,call,2027-01-15
PFE270115C00018000,2025-06-10 15:37:19+00:00,18.0,6.75,6.55,7.05,0.0,0.0,5.0,795,0.25049577636718745,True,REGULAR,USD,call,2027-01-15
PFE270115C00020000,2025-06-11 18:07:19+00:00,20.0,5.22,5.05,5.7,-0.0800004,-1.5094415,26.0,11999,0.2644116528320312,True,REGULAR,USD,call,2027-01-15
PFE270115C00023000,2025-06-11 17:58:47+00:00,23.0,3.5,3.4,3.5,0.07999992,2.339179,10.0,5423,0.22657023437499998,True,REGULAR,USD,call,2027-01-15
PFE270115C00025000,2025-06-11 19:06:56+00:00,25.0,2.52,2.51,2.59,-0.00999999,-0.39525655,233.0,20534,0.22901161621093752,False,REGULAR,USD,call,2027-01-15
PFE270115C00027000,2025-06-11 18:07:19+00:00,27.0,1.83,1.59,2.0,-0.029999971,-1.6129017,116.0,43003,0.2399978344726562,False,REGULAR,USD,call,2027-01-15
PFE270115C00030000,2025-06-11 18:28:47+00:00,30.0,1.11,1.09,1.21,-0.049999952,-4.310341,222.0,22405,0.23853300537109373,False,REGULAR,USD,call,2027-01-15
PFE270115C00032000,2025-06-11 18:08:04+00:00,32.0,0.8,0.79,0.93,-0.06999999,-8.045976,32.0,5939,0.2461012890625,False,REGULAR,USD,call,2027-01-15
PFE270115C00035000,2025-06-11 18:01:11+00:00,35.0,0.53,0.48,0.55,0.0,0.0,24.0,9207,0.24463645996093752,False,REGULAR,USD,call,2027-01-15
PFE270115C00037000,2025-06-11 16:20:41+00:00,37.0,0.41,0.33,0.44,0.07999998,24.242418,2.0,6293,0.25269302001953126,False,REGULAR,USD,call,2027-01-15
PFE270115C00040000,2025-06-11 18:01:11+00:00,40.0,0.28,0.25,0.3,-0.00999999,-3.4482727,72.0,7131,0.25952888916015626,False,REGULAR,USD,call,2027-01-15
PFE270115C00042000,2025-06-11 16:52:18+00:00,42.0,0.22,0.17,0.27,0.019999996,9.999997,20.0,10950,0.27149166015625,False,REGULAR,USD,call,2027-01-15
PFE270115P00013000,2025-06-10 18:42:16+00:00,13.0,0.29,0.19,0.29,0.0,0.0,105.0,181,0.3569400244140625,False,REGULAR,USD,put,2027-01-15
PFE270115P00015000,2025-06-10 19:45:00+00:00,15.0,0.46,0.4,0.45,0.0,0.0,338.0,12057,0.32617861328125,False,REGULAR,USD,put,2027-01-15
PFE270115P00018000,2025-06-11 15:51:26+00:00,18.0,0.87,0.86,1.01,-0.089999974,-9.374997,100.0,8886,0.3103096313476562,False,REGULAR,USD,put,2027-01-15
PFE270115P00020000,2025-06-10 18:21:24+00:00,20.0,1.45,1.16,1.46,0.0,0.0,15.0,29450,0.28882547119140617,False,REGULAR,USD,put,2027-01-15
PFE270115P00023000,2025-06-11 17:02:25+00:00,23.0,2.49,2.49,2.62,-0.109999895,-4.2307653,11.0,18515,0.27735097656249996,False,REGULAR,USD,put,2027-01-15
PFE270115P00025000,2025-06-11 17:40:10+00:00,25.0,3.5,3.45,3.65,-0.20000005,-5.4054065,5.0,24781,0.27197993652343744,True,REGULAR,USD,put,2027-01-15
PFE270115P00027000,2025-06-11 18:49:40+00:00,27.0,4.75,4.3,4.85,-0.6999998,-12.844034,4.0,19711,0.2662426892089844,True,REGULAR,USD,put,2027-01-15
PFE270115P00030000,2025-06-10 17:46:19+00:00,30.0,6.96,6.85,7.1,0.0,0.0,60.0,3569,0.2712475219726562,True,REGULAR,USD,put,2027-01-15
PFE270115P00032000,2025-06-09 19:38:58+00:00,32.0,8.83,6.35,10.35,0.0,0.0,1.0,5326,0.4162656030273437,True,REGULAR,USD,put,2027-01-15
PFE270115P00035000,2025-06-10 16:07:46+00:00,35.0,11.2,9.2,11.85,0.0,0.0,101.0,3318,0.33130551513671874,True,REGULAR,USD,put,2027-01-15
PFE270115P00037000,2025-05-12 14:49:00+00:00,37.0,14.18,12.0,13.2,0.0,0.0,150.0,5273,0.28516339843749994,True,REGULAR,USD,put,2027-01-15
PFE270115P00040000,2025-04-21 13:42:22+00:00,40.0,18.12,16.85,18.25,0.0,0.0,6.0,68,0.5282029602050782,True,REGULAR,USD,put,2027-01-15
PFE270115P00042000,2025-05-19 13:32:00+00:00,42.0,19.4,17.2,18.3,0.0,0.0,1.0,14,0.35278967529296873,True,REGULAR,USD,put,2027-01-15
PFE271217C00013000,2025-06-11 16:23:52+00:00,13.0,11.55,11.35,11.55,0.6000004,5.4794555,1.0,263,0.21778125976562498,True,REGULAR,USD,call,2027-12-17
PFE271217C00015000,2025-06-11 18:00:44+00:00,15.0,9.55,8.75,9.85,0.07999992,0.84477216,2.0,576,0.24781025634765624,True,REGULAR,USD,call,2027-12-17
PFE271217C00018000,2025-06-11 15:16:33+00:00,18.0,7.05,6.7,8.2,0.23000002,3.3724341,56.0,326,0.3178779150390625,True,REGULAR,USD,call,2027-12-17
PFE271217C00020000,2025-06-11 18:35:11+00:00,20.0,5.55,5.25,5.6,0.01999998,0.36166328,25.0,3349,0.2016681396484375,True,REGULAR,USD,call,2027-12-17
PFE271217C00022000,2025-06-11 18:14:46+00:00,22.0,4.4,4.3,4.55,0.0,0.0,140.0,3092,0.2161943615722656,True,REGULAR,USD,call,2027-12-17
PFE271217C00025000,2025-06-11 18:37:57+00:00,25.0,3.14,3.05,3.1,0.18000007,6.081084,509.0,4006,0.21546194702148438,False,REGULAR,USD,call,2027-12-17
PFE271217C00027000,2025-06-11 18:07:30+00:00,27.0,2.35,2.24,2.44,-0.03000021,-1.260513,30.0,1482,0.21985643432617186,False,REGULAR,USD,call,2027-12-17
PFE271217C00030000,2025-06-11 19:06:56+00:00,30.0,1.57,1.55,1.75,-0.03999996,-2.4844697,22.0,6062,0.22864540893554688,False,REGULAR,USD,call,2027-12-17
PFE271217C00032000,2025-06-11 17:04:29+00:00,32.0,1.16,1.14,1.28,-0.01999998,-1.6949137,3.0,3355,0.22376264526367184,False,REGULAR,USD,call,2027-12-17
PFE271217C00035000,2025-06-11 15:39:03+00:00,35.0,0.84,0.8,0.99,-0.02000004,-2.325586,15.0,670,0.23657989990234374,False,REGULAR,USD,call,2027-12-17
PFE271217P00013000,2025-06-09 17:04:36+00:00,13.0,0.4,0.42,0.55,0.0,0.0,10.0,2876,0.33838552246093745,False,REGULAR,USD,put,2027-12-17
PFE271217P00015000,2025-06-10 16:02:23+00:00,15.0,0.51,0.0,0.93,0.0,0.0,10.0,3237,0.3305731005859375,False,REGULAR,USD,put,2027-12-17
PFE271217P00018000,2025-06-11 18:04:04+00:00,18.0,1.4,1.23,1.46,0.0,0.0,10.0,3257,0.29224340576171864,False,REGULAR,USD,put,2027-12-17
PFE271217P00020000,2025-06-11 17:00:04+00:00,20.0,1.98,1.94,2.26,0.03999996,2.0618536,5.0,4766,0.295905478515625,False,REGULAR,USD,put,2027-12-17
PFE271217P00022000,2025-06-11 15:00:41+00:00,22.0,2.81,2.69,2.91,0.00999999,0.3571425,46.0,1844,0.27600821655273433,False,REGULAR,USD,put,2027-12-17
PFE271217P00025000,2025-06-11 16:04:50+00:00,25.0,4.2,4.1,4.4,-0.10000038,-2.3255901,10.0,976,0.26563234375,True,REGULAR,USD,put,2027-12-17
PFE271217P00027000,2025-06-11 18:30:34+00:00,27.0,5.5,5.25,5.65,0.0,0.0,5.0,822,0.2640454455566406,True,REGULAR,USD,put,2027-12-17
PFE271217P00030000,2025-06-11 14:44:27+00:00,30.0,7.25,7.25,7.75,-0.4000001,-5.2287593,6.0,406,0.2608716491699219,True,REGULAR,USD,put,2027-12-17
PFE271217P00032000,2025-06-11 17:21:40+00:00,32.0,8.77,8.75,9.15,0.05000019,0.5733967,1.0,82,0.24915301635742187,True,REGULAR,USD,put,2027-12-17
PFE271217P00035000,2025-06-10 15:36:17+00:00,35.0,11.5,11.15,11.55,0.0,0.0,5.0,27,0.2395095581054687,True,REGULAR,USD,put,2027-12-17
